--------------------------------------------------------
--  파일이 생성됨 - 목요일-2월-25-2021   
--------------------------------------------------------
--------------------------------------------------------
--  DDL for Sequence EDU_DETAIL_SEQ
--------------------------------------------------------

   CREATE SEQUENCE  "MUSEUM"."EDU_DETAIL_SEQ"  MINVALUE 1 MAXVALUE 9999999999999999999999999999 INCREMENT BY 1 START WITH 57 NOCACHE  NOORDER  NOCYCLE ;
--------------------------------------------------------
--  DDL for Sequence EXHIB_SEQ
--------------------------------------------------------

   CREATE SEQUENCE  "MUSEUM"."EXHIB_SEQ"  MINVALUE 1 MAXVALUE 9999999999999999999999999999 INCREMENT BY 1 START WITH 201 NOCACHE  NOORDER  NOCYCLE ;
--------------------------------------------------------
--  DDL for Sequence INQUIRY_SEQ
--------------------------------------------------------

   CREATE SEQUENCE  "MUSEUM"."INQUIRY_SEQ"  MINVALUE 1 MAXVALUE 9999999999999999999999999999 INCREMENT BY 1 START WITH 30 NOCACHE  NOORDER  NOCYCLE ;
--------------------------------------------------------
--  DDL for Sequence MU_EDU_SEQ
--------------------------------------------------------

   CREATE SEQUENCE  "MUSEUM"."MU_EDU_SEQ"  MINVALUE 1 MAXVALUE 9999999999999999999999999999 INCREMENT BY 1 START WITH 6 NOCACHE  NOORDER  NOCYCLE ;
--------------------------------------------------------
--  DDL for Sequence MU_FAQ_SEQ
--------------------------------------------------------

   CREATE SEQUENCE  "MUSEUM"."MU_FAQ_SEQ"  MINVALUE 1 MAXVALUE 9999999999999999999999999999 INCREMENT BY 1 START WITH 10 NOCACHE  NOORDER  NOCYCLE ;
--------------------------------------------------------
--  DDL for Sequence MU_LDOC_SEQ
--------------------------------------------------------

   CREATE SEQUENCE  "MUSEUM"."MU_LDOC_SEQ"  MINVALUE 1 MAXVALUE 9999999999999999999999999999 INCREMENT BY 1 START WITH 13 NOCACHE  NOORDER  NOCYCLE ;
--------------------------------------------------------
--  DDL for Sequence MU_NOTICE_SEQ
--------------------------------------------------------

   CREATE SEQUENCE  "MUSEUM"."MU_NOTICE_SEQ"  MINVALUE 1 MAXVALUE 9999999999999999999999999999 INCREMENT BY 1 START WITH 32 NOCACHE  NOORDER  NOCYCLE ;
--------------------------------------------------------
--  DDL for Sequence MU_RCOM_SEQ
--------------------------------------------------------

   CREATE SEQUENCE  "MUSEUM"."MU_RCOM_SEQ"  MINVALUE 1 MAXVALUE 9999999999999999999999999999 INCREMENT BY 1 START WITH 7 NOCACHE  NOORDER  NOCYCLE ;
--------------------------------------------------------
--  DDL for Sequence MU_REV_SEQ
--------------------------------------------------------

   CREATE SEQUENCE  "MUSEUM"."MU_REV_SEQ"  MINVALUE 1 MAXVALUE 9999999999999999999999999999 INCREMENT BY 1 START WITH 48 NOCACHE  NOORDER  NOCYCLE ;
--------------------------------------------------------
--  DDL for Table EDU_DETAIL
--------------------------------------------------------

  CREATE TABLE "MUSEUM"."EDU_DETAIL" 
   (	"EDU_DETIDX" NUMBER, 
	"EDU_TARGET" VARCHAR2(200 BYTE), 
	"EDU_IMPT_CONTENTS" VARCHAR2(500 BYTE), 
	"EDU_DETAILADDR" VARCHAR2(300 BYTE), 
	"EDU_IDX" NUMBER, 
	"EDU_DETAILNAME" VARCHAR2(300 BYTE), 
	"EDU_PRICE" VARCHAR2(300 BYTE), 
	"EDU_DETAILTARGET" VARCHAR2(300 BYTE), 
	"EDU_PERIOD_START" DATE, 
	"EDU_PERIOD_END" DATE, 
	"EDU_DETAILTIME" VARCHAR2(300 BYTE), 
	"EDU_PHONE" VARCHAR2(30 BYTE), 
	"EDU_LEANIMGNAME" VARCHAR2(100 BYTE), 
	"EDU_LEANIMGLOCAL" VARCHAR2(50 BYTE), 
	"EDU_DETAILSTATUS" VARCHAR2(300 BYTE)
   ) SEGMENT CREATION IMMEDIATE 
  PCTFREE 10 PCTUSED 40 INITRANS 1 MAXTRANS 255 NOCOMPRESS LOGGING
  STORAGE(INITIAL 65536 NEXT 1048576 MINEXTENTS 1 MAXEXTENTS 2147483645
  PCTINCREASE 0 FREELISTS 1 FREELIST GROUPS 1 BUFFER_POOL DEFAULT FLASH_CACHE DEFAULT CELL_FLASH_CACHE DEFAULT)
  TABLESPACE "USERS" ;
--------------------------------------------------------
--  DDL for Table MU_EDU
--------------------------------------------------------

  CREATE TABLE "MUSEUM"."MU_EDU" 
   (	"EDU_IDX" NUMBER, 
	"EDU_NAME" VARCHAR2(30 BYTE), 
	"EDU_TITLE" VARCHAR2(30 BYTE), 
	"EDU_CONTENTS" CLOB, 
	"EDU_IMGNAME" VARCHAR2(100 BYTE), 
	"EDU_IMGLOCAL" VARCHAR2(50 BYTE), 
	"EDU_STATUS" VARCHAR2(20 BYTE)
   ) SEGMENT CREATION IMMEDIATE 
  PCTFREE 10 PCTUSED 40 INITRANS 1 MAXTRANS 255 NOCOMPRESS LOGGING
  STORAGE(INITIAL 65536 NEXT 1048576 MINEXTENTS 1 MAXEXTENTS 2147483645
  PCTINCREASE 0 FREELISTS 1 FREELIST GROUPS 1 BUFFER_POOL DEFAULT FLASH_CACHE DEFAULT CELL_FLASH_CACHE DEFAULT)
  TABLESPACE "USERS" 
 LOB ("EDU_CONTENTS") STORE AS BASICFILE (
  TABLESPACE "USERS" ENABLE STORAGE IN ROW CHUNK 8192 RETENTION 
  NOCACHE LOGGING 
  STORAGE(INITIAL 65536 NEXT 1048576 MINEXTENTS 1 MAXEXTENTS 2147483645
  PCTINCREASE 0 FREELISTS 1 FREELIST GROUPS 1 BUFFER_POOL DEFAULT FLASH_CACHE DEFAULT CELL_FLASH_CACHE DEFAULT)) ;
--------------------------------------------------------
--  DDL for Table MU_EXHIBITION
--------------------------------------------------------

  CREATE TABLE "MUSEUM"."MU_EXHIBITION" 
   (	"EXHIB_IDX" NUMBER(30,0), 
	"EXHIB_SUBJECT" VARCHAR2(300 BYTE), 
	"EXHIB_PERIOD_START" DATE, 
	"EXHIB_PERIOD_END" DATE, 
	"EXHIB_VENUE" VARCHAR2(100 BYTE), 
	"EXHIB_ARTIST" VARCHAR2(3000 BYTE), 
	"EXHIB_ARTWORKS_CNT" VARCHAR2(300 BYTE), 
	"EXHIB_ADMISSION" VARCHAR2(300 BYTE), 
	"EXHIB_ORGANIZATION" VARCHAR2(1000 BYTE), 
	"EXHIB_CONTENT" CLOB, 
	"EXHIB_THUMB_PATH" VARCHAR2(500 BYTE)
   ) SEGMENT CREATION IMMEDIATE 
  PCTFREE 10 PCTUSED 40 INITRANS 1 MAXTRANS 255 NOCOMPRESS LOGGING
  STORAGE(INITIAL 65536 NEXT 1048576 MINEXTENTS 1 MAXEXTENTS 2147483645
  PCTINCREASE 0 FREELISTS 1 FREELIST GROUPS 1 BUFFER_POOL DEFAULT FLASH_CACHE DEFAULT CELL_FLASH_CACHE DEFAULT)
  TABLESPACE "USERS" 
 LOB ("EXHIB_CONTENT") STORE AS BASICFILE (
  TABLESPACE "USERS" ENABLE STORAGE IN ROW CHUNK 8192 RETENTION 
  NOCACHE LOGGING 
  STORAGE(INITIAL 65536 NEXT 1048576 MINEXTENTS 1 MAXEXTENTS 2147483645
  PCTINCREASE 0 FREELISTS 1 FREELIST GROUPS 1 BUFFER_POOL DEFAULT FLASH_CACHE DEFAULT CELL_FLASH_CACHE DEFAULT)) ;
--------------------------------------------------------
--  DDL for Table MU_FAQ
--------------------------------------------------------

  CREATE TABLE "MUSEUM"."MU_FAQ" 
   (	"FAQ_IDX" NUMBER(10,0), 
	"FAQ_CATEGORY" VARCHAR2(20 BYTE), 
	"FAQ_QUESTION" VARCHAR2(100 BYTE), 
	"FAQ_ANSWER" CLOB, 
	"FAQ_DEL_STATUS" VARCHAR2(20 BYTE)
   ) SEGMENT CREATION IMMEDIATE 
  PCTFREE 10 PCTUSED 40 INITRANS 1 MAXTRANS 255 NOCOMPRESS LOGGING
  STORAGE(INITIAL 65536 NEXT 1048576 MINEXTENTS 1 MAXEXTENTS 2147483645
  PCTINCREASE 0 FREELISTS 1 FREELIST GROUPS 1 BUFFER_POOL DEFAULT FLASH_CACHE DEFAULT CELL_FLASH_CACHE DEFAULT)
  TABLESPACE "USERS" 
 LOB ("FAQ_ANSWER") STORE AS BASICFILE (
  TABLESPACE "USERS" ENABLE STORAGE IN ROW CHUNK 8192 RETENTION 
  NOCACHE LOGGING 
  STORAGE(INITIAL 65536 NEXT 1048576 MINEXTENTS 1 MAXEXTENTS 2147483645
  PCTINCREASE 0 FREELISTS 1 FREELIST GROUPS 1 BUFFER_POOL DEFAULT FLASH_CACHE DEFAULT CELL_FLASH_CACHE DEFAULT)) ;
--------------------------------------------------------
--  DDL for Table MU_INQUIRY
--------------------------------------------------------

  CREATE TABLE "MUSEUM"."MU_INQUIRY" 
   (	"INQ_NUM" NUMBER(10,0), 
	"INQ_CATEGORY_IDX" VARCHAR2(10 BYTE), 
	"INQ_CATEGORY" VARCHAR2(50 BYTE), 
	"INQ_SUBJECT" VARCHAR2(100 BYTE), 
	"INQ_CONTENT" CLOB, 
	"INQ_WRITER" VARCHAR2(30 BYTE), 
	"INQ_DEL_STATUS" NUMBER(10,0), 
	"INQ_DATE" DATE DEFAULT SYSDATE, 
	"INQ_ADMIN_WRITER" VARCHAR2(30 BYTE), 
	"INQ_ANSWER" CLOB, 
	"INQ_ANS_DATE" DATE
   ) SEGMENT CREATION IMMEDIATE 
  PCTFREE 10 PCTUSED 40 INITRANS 1 MAXTRANS 255 NOCOMPRESS LOGGING
  STORAGE(INITIAL 65536 NEXT 1048576 MINEXTENTS 1 MAXEXTENTS 2147483645
  PCTINCREASE 0 FREELISTS 1 FREELIST GROUPS 1 BUFFER_POOL DEFAULT FLASH_CACHE DEFAULT CELL_FLASH_CACHE DEFAULT)
  TABLESPACE "USERS" 
 LOB ("INQ_CONTENT") STORE AS BASICFILE (
  TABLESPACE "USERS" ENABLE STORAGE IN ROW CHUNK 8192 RETENTION 
  NOCACHE LOGGING 
  STORAGE(INITIAL 65536 NEXT 1048576 MINEXTENTS 1 MAXEXTENTS 2147483645
  PCTINCREASE 0 FREELISTS 1 FREELIST GROUPS 1 BUFFER_POOL DEFAULT FLASH_CACHE DEFAULT CELL_FLASH_CACHE DEFAULT)) 
 LOB ("INQ_ANSWER") STORE AS BASICFILE (
  TABLESPACE "USERS" ENABLE STORAGE IN ROW CHUNK 8192 RETENTION 
  NOCACHE LOGGING 
  STORAGE(INITIAL 65536 NEXT 1048576 MINEXTENTS 1 MAXEXTENTS 2147483645
  PCTINCREASE 0 FREELISTS 1 FREELIST GROUPS 1 BUFFER_POOL DEFAULT FLASH_CACHE DEFAULT CELL_FLASH_CACHE DEFAULT)) ;
--------------------------------------------------------
--  DDL for Table MU_LEARN_DOC
--------------------------------------------------------

  CREATE TABLE "MUSEUM"."MU_LEARN_DOC" 
   (	"DOC_IDX" NUMBER, 
	"DOC_TEXT" VARCHAR2(500 BYTE), 
	"DOC_FILENAME" VARCHAR2(100 BYTE), 
	"DOC_FILELOCAL" VARCHAR2(500 BYTE), 
	"EDU_DETIDX" NUMBER, 
	"EDU_IDX" NUMBER, 
	"DOC_STATUS" VARCHAR2(20 BYTE)
   ) SEGMENT CREATION IMMEDIATE 
  PCTFREE 10 PCTUSED 40 INITRANS 1 MAXTRANS 255 NOCOMPRESS LOGGING
  STORAGE(INITIAL 65536 NEXT 1048576 MINEXTENTS 1 MAXEXTENTS 2147483645
  PCTINCREASE 0 FREELISTS 1 FREELIST GROUPS 1 BUFFER_POOL DEFAULT FLASH_CACHE DEFAULT CELL_FLASH_CACHE DEFAULT)
  TABLESPACE "USERS" ;
--------------------------------------------------------
--  DDL for Table MU_MEMBER
--------------------------------------------------------

  CREATE TABLE "MUSEUM"."MU_MEMBER" 
   (	"MEM_ID" VARCHAR2(50 BYTE), 
	"MEM_PWD" VARCHAR2(50 BYTE), 
	"MEM_NAME" VARCHAR2(50 BYTE), 
	"MEM_SEX" VARCHAR2(50 BYTE), 
	"MEM_PHONE" VARCHAR2(50 BYTE), 
	"MEM_CELLPHONE" VARCHAR2(50 BYTE), 
	"MEM_EMAIL" VARCHAR2(50 BYTE), 
	"MEM_ADDR" VARCHAR2(100 BYTE), 
	"MEM_JOIN_STATUS" VARCHAR2(20 BYTE)
   ) SEGMENT CREATION IMMEDIATE 
  PCTFREE 10 PCTUSED 40 INITRANS 1 MAXTRANS 255 NOCOMPRESS LOGGING
  STORAGE(INITIAL 65536 NEXT 1048576 MINEXTENTS 1 MAXEXTENTS 2147483645
  PCTINCREASE 0 FREELISTS 1 FREELIST GROUPS 1 BUFFER_POOL DEFAULT FLASH_CACHE DEFAULT CELL_FLASH_CACHE DEFAULT)
  TABLESPACE "USERS" ;
--------------------------------------------------------
--  DDL for Table MU_NOTICE
--------------------------------------------------------

  CREATE TABLE "MUSEUM"."MU_NOTICE" 
   (	"NOTI_IDX" NUMBER(10,0), 
	"NOTI_WRITER" VARCHAR2(30 BYTE), 
	"NOTI_SUBJECT" VARCHAR2(100 BYTE), 
	"NOTI_CONTENT" CLOB, 
	"NOTI_WRITE_DATE" DATE DEFAULT SYSDATE, 
	"NOTI_HIT" NUMBER(10,0), 
	"NOTI_DEL_STATUS" VARCHAR2(20 BYTE)
   ) SEGMENT CREATION IMMEDIATE 
  PCTFREE 10 PCTUSED 40 INITRANS 1 MAXTRANS 255 NOCOMPRESS LOGGING
  STORAGE(INITIAL 65536 NEXT 1048576 MINEXTENTS 1 MAXEXTENTS 2147483645
  PCTINCREASE 0 FREELISTS 1 FREELIST GROUPS 1 BUFFER_POOL DEFAULT FLASH_CACHE DEFAULT CELL_FLASH_CACHE DEFAULT)
  TABLESPACE "USERS" 
 LOB ("NOTI_CONTENT") STORE AS BASICFILE (
  TABLESPACE "USERS" ENABLE STORAGE IN ROW CHUNK 8192 RETENTION 
  NOCACHE LOGGING 
  STORAGE(INITIAL 65536 NEXT 1048576 MINEXTENTS 1 MAXEXTENTS 2147483645
  PCTINCREASE 0 FREELISTS 1 FREELIST GROUPS 1 BUFFER_POOL DEFAULT FLASH_CACHE DEFAULT CELL_FLASH_CACHE DEFAULT)) ;
--------------------------------------------------------
--  DDL for Table MU_REVIEW
--------------------------------------------------------

  CREATE TABLE "MUSEUM"."MU_REVIEW" 
   (	"REV_IDX" NUMBER(10,0), 
	"REV_CATEGORY" VARCHAR2(20 BYTE), 
	"REV_WRITER" VARCHAR2(50 BYTE), 
	"REV_SUBJECT" VARCHAR2(100 BYTE), 
	"REV_CONTENT" CLOB, 
	"REV_WRITE_DATE" DATE, 
	"REV_FILE_NAME" VARCHAR2(100 BYTE), 
	"REV_ORI_NAME" VARCHAR2(100 BYTE), 
	"REV_HIT" NUMBER(10,0), 
	"REV_DEL_STATUS" VARCHAR2(20 BYTE)
   ) SEGMENT CREATION IMMEDIATE 
  PCTFREE 10 PCTUSED 40 INITRANS 1 MAXTRANS 255 NOCOMPRESS LOGGING
  STORAGE(INITIAL 65536 NEXT 1048576 MINEXTENTS 1 MAXEXTENTS 2147483645
  PCTINCREASE 0 FREELISTS 1 FREELIST GROUPS 1 BUFFER_POOL DEFAULT FLASH_CACHE DEFAULT CELL_FLASH_CACHE DEFAULT)
  TABLESPACE "USERS" 
 LOB ("REV_CONTENT") STORE AS BASICFILE (
  TABLESPACE "USERS" ENABLE STORAGE IN ROW CHUNK 8192 RETENTION 
  NOCACHE LOGGING 
  STORAGE(INITIAL 65536 NEXT 1048576 MINEXTENTS 1 MAXEXTENTS 2147483645
  PCTINCREASE 0 FREELISTS 1 FREELIST GROUPS 1 BUFFER_POOL DEFAULT FLASH_CACHE DEFAULT CELL_FLASH_CACHE DEFAULT)) ;
--------------------------------------------------------
--  DDL for Table MU_REV_COMMENT
--------------------------------------------------------

  CREATE TABLE "MUSEUM"."MU_REV_COMMENT" 
   (	"RCOM_IDX" NUMBER(10,0), 
	"RCOM_WRITER" VARCHAR2(50 BYTE), 
	"RCOM_CONTENT" CLOB, 
	"RCOM_WRITE_DATE" DATE, 
	"RCOM_IP" VARCHAR2(15 BYTE), 
	"REV_IDX" NUMBER(10,0)
   ) SEGMENT CREATION IMMEDIATE 
  PCTFREE 10 PCTUSED 40 INITRANS 1 MAXTRANS 255 NOCOMPRESS LOGGING
  STORAGE(INITIAL 65536 NEXT 1048576 MINEXTENTS 1 MAXEXTENTS 2147483645
  PCTINCREASE 0 FREELISTS 1 FREELIST GROUPS 1 BUFFER_POOL DEFAULT FLASH_CACHE DEFAULT CELL_FLASH_CACHE DEFAULT)
  TABLESPACE "USERS" 
 LOB ("RCOM_CONTENT") STORE AS BASICFILE (
  TABLESPACE "USERS" ENABLE STORAGE IN ROW CHUNK 8192 RETENTION 
  NOCACHE LOGGING 
  STORAGE(INITIAL 65536 NEXT 1048576 MINEXTENTS 1 MAXEXTENTS 2147483645
  PCTINCREASE 0 FREELISTS 1 FREELIST GROUPS 1 BUFFER_POOL DEFAULT FLASH_CACHE DEFAULT CELL_FLASH_CACHE DEFAULT)) ;
REM INSERTING into MUSEUM.EDU_DETAIL
SET DEFINE OFF;
Insert into MUSEUM.EDU_DETAIL (EDU_DETIDX,EDU_TARGET,EDU_IMPT_CONTENTS,EDU_DETAILADDR,EDU_IDX,EDU_DETAILNAME,EDU_PRICE,EDU_DETAILTARGET,EDU_PERIOD_START,EDU_PERIOD_END,EDU_DETAILTIME,EDU_PHONE,EDU_LEANIMGNAME,EDU_LEANIMGLOCAL,EDU_DETAILSTATUS) values (11,'누구나','전시와 연계하여 누구나, 언제든 참여할 수 있는 다양한 교육 프로그램','203호',3,'《신나는 빛깔 마당》 교육 프로그램 안내','30000','누구나',to_date('2021/02/17','YYYY/MM/DD'),to_date('2021/03/25','YYYY/MM/DD'),'3','02-000-0000','lean01.png','eduadmin/image/lean01.png','EDUDT01');
Insert into MUSEUM.EDU_DETAIL (EDU_DETIDX,EDU_TARGET,EDU_IMPT_CONTENTS,EDU_DETAILADDR,EDU_IDX,EDU_DETAILNAME,EDU_PRICE,EDU_DETAILTARGET,EDU_PERIOD_START,EDU_PERIOD_END,EDU_DETAILTIME,EDU_PHONE,EDU_LEANIMGNAME,EDU_LEANIMGLOCAL,EDU_DETAILSTATUS) values (12,'예비 전문인(학부 및 대학원 학생, 전공자)','2021년 예비 전문인 연수프로그램-심화과정','206호',1,'예비전문인연수프로그램','70000','학부 및 대학원 학생, 전공자',to_date('2021/03/17','YYYY/MM/DD'),to_date('2021/03/26','YYYY/MM/DD'),'6','02-000-0000','learn04.png','eduadmin/image/learn04.png','EDUDT01');
Insert into MUSEUM.EDU_DETAIL (EDU_DETIDX,EDU_TARGET,EDU_IMPT_CONTENTS,EDU_DETAILADDR,EDU_IDX,EDU_DETAILNAME,EDU_PRICE,EDU_DETAILTARGET,EDU_PERIOD_START,EDU_PERIOD_END,EDU_DETAILTIME,EDU_PHONE,EDU_LEANIMGNAME,EDU_LEANIMGLOCAL,EDU_DETAILSTATUS) values (14,'공·사립미술관 학예연구사 및 작품관리 관계자','2021년도 공·사립미술관 작품보존 역량 강화 교육','교육실 및 보존처리실',1,'미술관 전문직 연수','60000','공·사립미술관 학예연구사 및 작품관리 관계자',to_date('2021/02/19','YYYY/MM/DD'),to_date('2021/03/30','YYYY/MM/DD'),'8','02-000-0000','learn05.png','eduadmin/image/learn05.png','EDUDT01');
Insert into MUSEUM.EDU_DETAIL (EDU_DETIDX,EDU_TARGET,EDU_IMPT_CONTENTS,EDU_DETAILADDR,EDU_IDX,EDU_DETAILNAME,EDU_PRICE,EDU_DETAILTARGET,EDU_PERIOD_START,EDU_PERIOD_END,EDU_DETAILTIME,EDU_PHONE,EDU_LEANIMGNAME,EDU_LEANIMGLOCAL,EDU_DETAILSTATUS) values (15,'대학(원) 학과 및 수업단위 등 예비 전문인 단체','미술계 분야별 진로 희망자를 위한 직종소개 등(방문 단체 특성을 고려한 매칭 등)','미술관 전체',1,'미술계 진로탐색 세미나',null,'대학(원) 학과 및 수업단위 등 예비 전문인 단체',to_date('2021/02/23','YYYY/MM/DD'),to_date('2021/02/23','YYYY/MM/DD'),'9','02-000-0000','learn06.png','eduadmin/image/learn06.png','EDUDT01');
Insert into MUSEUM.EDU_DETAIL (EDU_DETIDX,EDU_TARGET,EDU_IMPT_CONTENTS,EDU_DETAILADDR,EDU_IDX,EDU_DETAILNAME,EDU_PRICE,EDU_DETAILTARGET,EDU_PERIOD_START,EDU_PERIOD_END,EDU_DETAILTIME,EDU_PHONE,EDU_LEANIMGNAME,EDU_LEANIMGLOCAL,EDU_DETAILSTATUS) values (19,'25세 이상 성인','일반인 대상의 도슨트 양성프로그램','미술관 홀',2,'도슨트 양성프로그램 기초과정 모집공고','50000','25세 이상 성인',to_date('2021/02/23','YYYY/MM/DD'),to_date('2021/02/23','YYYY/MM/DD'),'8','02-000-0000','got02.png','eduadmin/image/got02.png','EDUDT01');
Insert into MUSEUM.EDU_DETAIL (EDU_DETIDX,EDU_TARGET,EDU_IMPT_CONTENTS,EDU_DETAILADDR,EDU_IDX,EDU_DETAILNAME,EDU_PRICE,EDU_DETAILTARGET,EDU_PERIOD_START,EDU_PERIOD_END,EDU_DETAILTIME,EDU_PHONE,EDU_LEANIMGNAME,EDU_LEANIMGLOCAL,EDU_DETAILSTATUS) values (17,'일반인 및 미술 전문인',' <성聖과 속俗의 평형>이라는 주제로 작가의 작품세계와 관련하여 이야기','2층 라운지',1,'MMCA 레지던시 세미나 11. 이민하','10000','일반인 및 미술 전문인',to_date('2021/02/26','YYYY/MM/DD'),to_date('2021/02/26','YYYY/MM/DD'),'4','02-000-0000','learn07.png','eduadmin/image/learn07.png','EDUDT01');
Insert into MUSEUM.EDU_DETAIL (EDU_DETIDX,EDU_TARGET,EDU_IMPT_CONTENTS,EDU_DETAILADDR,EDU_IDX,EDU_DETAILNAME,EDU_PRICE,EDU_DETAILTARGET,EDU_PERIOD_START,EDU_PERIOD_END,EDU_DETAILTIME,EDU_PHONE,EDU_LEANIMGNAME,EDU_LEANIMGLOCAL,EDU_DETAILSTATUS) values (18,'성인','동시대 퍼포먼스 예술','404호',null,'열린강좌-동시대문화예술강좌','20000','성인',to_date('2021/03/17','YYYY/MM/DD'),to_date('2021/03/30','YYYY/MM/DD'),'5','02-000-0000','got01.png','eduadmin/image/got01.png','EDUDT01');
Insert into MUSEUM.EDU_DETAIL (EDU_DETIDX,EDU_TARGET,EDU_IMPT_CONTENTS,EDU_DETAILADDR,EDU_IDX,EDU_DETAILNAME,EDU_PRICE,EDU_DETAILTARGET,EDU_PERIOD_START,EDU_PERIOD_END,EDU_DETAILTIME,EDU_PHONE,EDU_LEANIMGNAME,EDU_LEANIMGLOCAL,EDU_DETAILSTATUS) values (20,'50세 이상','고령 사회에 진입하는 사회 변화를 반영한 <시니어 라운지>는 50세 이상 분들과 함께하는 프로그램입니다.','6층 라운지',2,'2019년 열린강좌 시니어라운지','1000','50세 이상',to_date('2021/02/18','YYYY/MM/DD'),to_date('2021/03/27','YYYY/MM/DD'),'6','02-000-0000','got03.png','eduadmin/image/got03.png','EDUDT01');
Insert into MUSEUM.EDU_DETAIL (EDU_DETIDX,EDU_TARGET,EDU_IMPT_CONTENTS,EDU_DETAILADDR,EDU_IDX,EDU_DETAILNAME,EDU_PRICE,EDU_DETAILTARGET,EDU_PERIOD_START,EDU_PERIOD_END,EDU_DETAILTIME,EDU_PHONE,EDU_LEANIMGNAME,EDU_LEANIMGLOCAL,EDU_DETAILSTATUS) values (21,'성인','소장품의 동시대적 해석과 향유','전시실',2,'2021 <미술관소장품강좌>','60000','성인',to_date('2021/05/05','YYYY/MM/DD'),to_date('2021/08/27','YYYY/MM/DD'),'8','02-000-0000','gor04.png','eduadmin/image/gor04.png','EDUDT01');
Insert into MUSEUM.EDU_DETAIL (EDU_DETIDX,EDU_TARGET,EDU_IMPT_CONTENTS,EDU_DETAILADDR,EDU_IDX,EDU_DETAILNAME,EDU_PRICE,EDU_DETAILTARGET,EDU_PERIOD_START,EDU_PERIOD_END,EDU_DETAILTIME,EDU_PHONE,EDU_LEANIMGNAME,EDU_LEANIMGLOCAL,EDU_DETAILSTATUS) values (22,'청소년','현대미술과 과학기술을 키워드로 진행되는 현대미술 특강 영상','104호',3,'청소년 특강','20000','청소년',to_date('2021/02/23','YYYY/MM/DD'),to_date('2021/02/23','YYYY/MM/DD'),'4','02-000-0000','children01.png','eduadmin/image/children01.png','EDUDT01');
Insert into MUSEUM.EDU_DETAIL (EDU_DETIDX,EDU_TARGET,EDU_IMPT_CONTENTS,EDU_DETAILADDR,EDU_IDX,EDU_DETAILNAME,EDU_PRICE,EDU_DETAILTARGET,EDU_PERIOD_START,EDU_PERIOD_END,EDU_DETAILTIME,EDU_PHONE,EDU_LEANIMGNAME,EDU_LEANIMGLOCAL,EDU_DETAILSTATUS) values (23,'중등학교 학급','교육기획자의 역활에 대해 알아보는 활동','소강당',3,'2019 미술관 사람들','2000','중등학교 학급 및 동아리 단체',to_date('2021/02/25','YYYY/MM/DD'),to_date('2021/02/27','YYYY/MM/DD'),'5','02-000-0000','child03.png','eduadmin/image/child03.png','EDUDT01');
Insert into MUSEUM.EDU_DETAIL (EDU_DETIDX,EDU_TARGET,EDU_IMPT_CONTENTS,EDU_DETAILADDR,EDU_IDX,EDU_DETAILNAME,EDU_PRICE,EDU_DETAILTARGET,EDU_PERIOD_START,EDU_PERIOD_END,EDU_DETAILTIME,EDU_PHONE,EDU_LEANIMGNAME,EDU_LEANIMGLOCAL,EDU_DETAILSTATUS) values (24,'고등학생','역사, 사회, 미술 등의 융합적 경험을 통해 와 작품의 의미를 재해석하고 표현해보는 프로젝트','412호',3,'청소년 특별 워크숍 <지금, 우리, 광장에 서다>','30000','고등학생',to_date('2021/02/23','YYYY/MM/DD'),to_date('2021/03/27','YYYY/MM/DD'),'3','02-000-0000','child04.png','eduadmin/image/child04.png','EDUDT01');
Insert into MUSEUM.EDU_DETAIL (EDU_DETIDX,EDU_TARGET,EDU_IMPT_CONTENTS,EDU_DETAILADDR,EDU_IDX,EDU_DETAILNAME,EDU_PRICE,EDU_DETAILTARGET,EDU_PERIOD_START,EDU_PERIOD_END,EDU_DETAILTIME,EDU_PHONE,EDU_LEANIMGNAME,EDU_LEANIMGLOCAL,EDU_DETAILSTATUS) values (1,'예비 전문인 연수프로그램','대학 및 대학원생 - 전공자 등 예비 전문인 대상 미술관련 진로 탐색을 위한 교육프로그램','201호',1,'2021년 <미술관 전문직 연수프로그램> 참가 안내','30000','대학 및 대학원생, 전공자',to_date('2021/02/08','YYYY/MM/DD'),to_date('2021/08/08','YYYY/MM/DD'),'6','02-000-0000','lean01','eduadmin/image/lean01.png','EDUDT02');
Insert into MUSEUM.EDU_DETAIL (EDU_DETIDX,EDU_TARGET,EDU_IMPT_CONTENTS,EDU_DETAILADDR,EDU_IDX,EDU_DETAILNAME,EDU_PRICE,EDU_DETAILTARGET,EDU_PERIOD_START,EDU_PERIOD_END,EDU_DETAILTIME,EDU_PHONE,EDU_LEANIMGNAME,EDU_LEANIMGLOCAL,EDU_DETAILSTATUS) values (56,'누구나','액티비티','전시홀',5,'액티비티활동','999','누구나',to_date('2021/02/25','YYYY/MM/DD'),to_date('2021/03/27','YYYY/MM/DD'),'7','02-000-0000','ㅎㄷㅇ.jpg','eduadmin/image/ㅎㄷㅇ.jpg','EDUDT01');
REM INSERTING into MUSEUM.MU_EDU
SET DEFINE OFF;
Insert into MUSEUM.MU_EDU (EDU_IDX,EDU_NAME,EDU_TITLE,EDU_IMGNAME,EDU_IMGLOCAL,EDU_STATUS) values (1,'전문인','pro','edu01.png','eduadmin/image/edu01.png','ED01');
Insert into MUSEUM.MU_EDU (EDU_IDX,EDU_NAME,EDU_TITLE,EDU_IMGNAME,EDU_IMGLOCAL,EDU_STATUS) values (2,'성인','adult','edu02.png','eduadmin/image/edu02.png','ED01');
Insert into MUSEUM.MU_EDU (EDU_IDX,EDU_NAME,EDU_TITLE,EDU_IMGNAME,EDU_IMGLOCAL,EDU_STATUS) values (3,'청소년-교사','child','edu03.png','eduadmin/image/edu03.png','ED01');
Insert into MUSEUM.MU_EDU (EDU_IDX,EDU_NAME,EDU_TITLE,EDU_IMGNAME,EDU_IMGLOCAL,EDU_STATUS) values (5,'누구나','act','JJANG.jpg','eduadmin/image/JJANG.jpg','ED02');
REM INSERTING into MUSEUM.MU_EXHIBITION
SET DEFINE OFF;
Insert into MUSEUM.MU_EXHIBITION (EXHIB_IDX,EXHIB_SUBJECT,EXHIB_PERIOD_START,EXHIB_PERIOD_END,EXHIB_VENUE,EXHIB_ARTIST,EXHIB_ARTWORKS_CNT,EXHIB_ADMISSION,EXHIB_ORGANIZATION,EXHIB_THUMB_PATH) values (6,'서울미디어시티비엔날레',to_date('2021/09/08','YYYY/MM/DD'),to_date('2021/11/21','YYYY/MM/DD'),'콜백뮤지엄','[총 41명/팀] 강상우, 고등어, 김민, 라이프 오브 어 크랩헤드 (에이미 램, 존 맥컬리)[Life of a Craphead (Amy Lam and John McCurley)], 류한솔, 리랴오(Li Liao), 리우추앙(Liu Chuang), 리처드 벨(Richard Bell), 림기옹(Lim Giong), 무니라 알 카디리(Mounira Al Qadiri), 미네르바 쿠에바스(Minerva Cuevas), 밍 웡(Ming Wong), 바니 아비디(Bani Abidi), 브리스 델스페제(Brice Dellsperger), 사라 라이(Srah Lai), 샤론 헤이즈(Sharon Hayes), 쉬쩌위(Hsu Che-Yu), 씨씨 우(Cici Wu), 아마츄어 증폭기, 아이사 혹슨(Eisa Jocson), 야마시로 치카코(Chikako Yamashiro), 올리버 라릭(Oliver Laric), 왕하이양(Want Haiyang), 요한나 빌링(Johanna Billing), 유리 패티슨(Yuri Pattison), 장영혜중공업, 장윤한(Chang Yun-Han), 정금형, 취미가X워크스, 치호이(Chihoi), 탈라 마다니(Tala Madani), 토비아스 칠로니(Tobias Zielony), 폴 파이퍼(Paul Pfeiffer), 폴린 부드리/레나테 로렌츠(Pauline Boudry / Renate Lorenz), 필비 타칼라(Pilvi Takala), 하오징반(Hao Jingban), 합정지구, 헨리케 나우만(Henrike Naumann), 홍진훤, DIS, ONEROOM','null','null','콜백뮤지엄','http://sema.seoul.go.kr/common/imageView?FILE_PATH=%2Fex%2FEXI01%2F2021%2F&FILE_NM=20210118181218_9b39658911044615bd904a50027bff19_37888fe14c9d4578bb0e08fcaf357b05');
Insert into MUSEUM.MU_EXHIBITION (EXHIB_IDX,EXHIB_SUBJECT,EXHIB_PERIOD_START,EXHIB_PERIOD_END,EXHIB_VENUE,EXHIB_ARTIST,EXHIB_ARTWORKS_CNT,EXHIB_ADMISSION,EXHIB_ORGANIZATION,EXHIB_THUMB_PATH) values (7,'텔레피크닉 프로젝트 《당신의 휴일》',to_date('2021/09/07','YYYY/MM/DD'),to_date('2021/11/07','YYYY/MM/DD'),'콜백뮤지엄','김나영 & 그레고리 마스 외 현대미술가 3~4명','null','null','null','http://sema.seoul.go.kr/common/imageView?FILE_PATH=%2Fex%2FEXI01%2F2020%2F&FILE_NM=20201231101301_a7c1964ddc504c4b9c5b8722ee70eac0_53fb6e84ff804d8ba9b4672250720c5f');
Insert into MUSEUM.MU_EXHIBITION (EXHIB_IDX,EXHIB_SUBJECT,EXHIB_PERIOD_START,EXHIB_PERIOD_END,EXHIB_VENUE,EXHIB_ARTIST,EXHIB_ARTWORKS_CNT,EXHIB_ADMISSION,EXHIB_ORGANIZATION,EXHIB_THUMB_PATH) values (8,'《마인드 더 갭》',to_date('2021/06/29','YYYY/MM/DD'),to_date('2021/08/22','YYYY/MM/DD'),'콜백뮤지엄','김현우, 김동현, 김치형 등','null','null','null','http://sema.seoul.go.kr/common/imageView?FILE_PATH=%2Fex%2FEXI01%2F2020%2F&FILE_NM=20201231100931_45c6671c35ba46708c1b84345cd3e9a8_e555ae3ee3224f3cba95e81946929ffa');
Insert into MUSEUM.MU_EXHIBITION (EXHIB_IDX,EXHIB_SUBJECT,EXHIB_PERIOD_START,EXHIB_PERIOD_END,EXHIB_VENUE,EXHIB_ARTIST,EXHIB_ARTWORKS_CNT,EXHIB_ADMISSION,EXHIB_ORGANIZATION,EXHIB_THUMB_PATH) values (13,'SF2021: 판타지 오디세이',to_date('2021/03/23','YYYY/MM/DD'),to_date('2021/05/30','YYYY/MM/DD'),'콜백뮤지엄','구현성, 김희천, 람한, 롬버스, 양아치, 장서영, 장종완, 최윤, 김보영, 듀나, 배명훈, 정소연','null','null','null','http://sema.seoul.go.kr/common/imageView?FILE_PATH=%2Fex%2FEXI01%2F2021%2F&FILE_NM=20210105212855_988b2b5526704fc9817428b52ee482a2_d092f83af757482083502713debaf03e');
Insert into MUSEUM.MU_EXHIBITION (EXHIB_IDX,EXHIB_SUBJECT,EXHIB_PERIOD_START,EXHIB_PERIOD_END,EXHIB_VENUE,EXHIB_ARTIST,EXHIB_ARTWORKS_CNT,EXHIB_ADMISSION,EXHIB_ORGANIZATION,EXHIB_THUMB_PATH) values (14,'이불-시작',to_date('2021/03/02','YYYY/MM/DD'),to_date('2021/05/16','YYYY/MM/DD'),'콜백뮤지엄','이불','100여 점','null','null','http://sema.seoul.go.kr/common/imageView?FILE_PATH=%2Fex%2FEXI01%2F2021%2F&FILE_NM=20210209173710_efde638619a340d9a3fb5f0d1e885c8e_33feef51be154840bca3b543b45a1060');
Insert into MUSEUM.MU_EXHIBITION (EXHIB_IDX,EXHIB_SUBJECT,EXHIB_PERIOD_START,EXHIB_PERIOD_END,EXHIB_VENUE,EXHIB_ARTIST,EXHIB_ARTWORKS_CNT,EXHIB_ADMISSION,EXHIB_ORGANIZATION,EXHIB_THUMB_PATH) values (15,'[신진미술인 전시지원 프로그램] 배헤윰 개인전 <Fyka Foretold...>(예지하는 파이카)',to_date('2021/02/02','YYYY/MM/DD'),to_date('2021/03/07','YYYY/MM/DD'),'콜백뮤지엄','배헤윰','null','null','null','http://sema.seoul.go.kr/common/imageView?FILE_PATH=%2Fex%2FEXI01%2F2021%2F&FILE_NM=20210129093715_eaf5ee2f55f5482b9bf8d664859b401a_19445f1346d24c46961721fcc366bf5f');
Insert into MUSEUM.MU_EXHIBITION (EXHIB_IDX,EXHIB_SUBJECT,EXHIB_PERIOD_START,EXHIB_PERIOD_END,EXHIB_VENUE,EXHIB_ARTIST,EXHIB_ARTWORKS_CNT,EXHIB_ADMISSION,EXHIB_ORGANIZATION,EXHIB_THUMB_PATH) values (16,'[신진미술인 전시지원 프로그램] 변상환 개인전 <생물 은-갈치>',to_date('2021/02/02','YYYY/MM/DD'),to_date('2021/03/07','YYYY/MM/DD'),'콜백뮤지엄','변상환','null','null','null','http://sema.seoul.go.kr/common/imageView?FILE_PATH=%2Fex%2FEXI01%2F2021%2F&FILE_NM=20210120170455_4a42d915d42b46cfa3cd79e6357faf6f_5e2f849c09294392aaabc8bbef68aee4');
Insert into MUSEUM.MU_EXHIBITION (EXHIB_IDX,EXHIB_SUBJECT,EXHIB_PERIOD_START,EXHIB_PERIOD_END,EXHIB_VENUE,EXHIB_ARTIST,EXHIB_ARTWORKS_CNT,EXHIB_ADMISSION,EXHIB_ORGANIZATION,EXHIB_THUMB_PATH) values (9,'대기실 프로젝트 3《세마 도슨트 대회》',to_date('2021/06/15','YYYY/MM/DD'),to_date('2021/08/15','YYYY/MM/DD'),'콜백뮤지엄','세마 도슨트 100여 명 외 선정 작가','null','null','null','http://sema.seoul.go.kr/common/imageView?FILE_PATH=%2Fex%2FEXI01%2F2020%2F&FILE_NM=20201231094603_28cd5e60a08148a4a9515c34abceeaac_b8f2a6705a264747a09b54a7bb45cca8');
Insert into MUSEUM.MU_EXHIBITION (EXHIB_IDX,EXHIB_SUBJECT,EXHIB_PERIOD_START,EXHIB_PERIOD_END,EXHIB_VENUE,EXHIB_ARTIST,EXHIB_ARTWORKS_CNT,EXHIB_ADMISSION,EXHIB_ORGANIZATION,EXHIB_THUMB_PATH) values (10,'《기후 미술관》',to_date('2021/06/08','YYYY/MM/DD'),to_date('2021/08/08','YYYY/MM/DD'),'콜백뮤지엄','제시카 플럼, 한나 융, 이브 모셔, 알프레도 야르, 이동용, (사)녹색연합 등','null','null','null','http://sema.seoul.go.kr/common/imageView?FILE_PATH=%2Fex%2FEXI01%2F2020%2F&FILE_NM=20201231093527_ec469d25d0f1459eb992be9d76c817c7_117c20c231e643b7a1442683940bac5f');
Insert into MUSEUM.MU_EXHIBITION (EXHIB_IDX,EXHIB_SUBJECT,EXHIB_PERIOD_START,EXHIB_PERIOD_END,EXHIB_VENUE,EXHIB_ARTIST,EXHIB_ARTWORKS_CNT,EXHIB_ADMISSION,EXHIB_ORGANIZATION,EXHIB_THUMB_PATH) values (11,'대기실 프로젝트 2《사랑을 위한 준비운동》',to_date('2021/05/04','YYYY/MM/DD'),to_date('2021/05/16','YYYY/MM/DD'),'콜백뮤지엄','김온, 몸동회팀, 안유리, 이은희, 제람 강영훈, 진나래, 팽창콜로니 등','null','null','null','http://sema.seoul.go.kr/common/imageView?FILE_PATH=%2Fex%2FEXI01%2F2020%2F&FILE_NM=20201231094425_2ca3bc9576774275af9fab12ced97ecb_fb9ef386e0444b8d95ff2b033f7a92f2');
Insert into MUSEUM.MU_EXHIBITION (EXHIB_IDX,EXHIB_SUBJECT,EXHIB_PERIOD_START,EXHIB_PERIOD_END,EXHIB_VENUE,EXHIB_ARTIST,EXHIB_ARTWORKS_CNT,EXHIB_ADMISSION,EXHIB_ORGANIZATION,EXHIB_THUMB_PATH) values (12,'《호민과 재환》',to_date('2021/05/04','YYYY/MM/DD'),to_date('2021/08/01','YYYY/MM/DD'),'콜백뮤지엄','주재환, 주호민','null','null','null','http://sema.seoul.go.kr/common/imageView?FILE_PATH=%2Fex%2FEXI01%2F2020%2F&FILE_NM=20201231092156_d44a2ee06a73493b8b86195574a77e9d_b684a1e34b7a4d19bae36700711767e6');
Insert into MUSEUM.MU_EXHIBITION (EXHIB_IDX,EXHIB_SUBJECT,EXHIB_PERIOD_START,EXHIB_PERIOD_END,EXHIB_VENUE,EXHIB_ARTIST,EXHIB_ARTWORKS_CNT,EXHIB_ADMISSION,EXHIB_ORGANIZATION,EXHIB_THUMB_PATH) values (1,'해외소장품걸작전 《빛: 테이트미술관 소장품전》',to_date('2021/12/21','YYYY/MM/DD'),to_date('2022/05/08','YYYY/MM/DD'),'콜백뮤지엄','윌리엄 터너, 존 컨스터블, 윌리엄 블레이크, 클로드 모네, 제임스 터렐, 아니쉬 카푸어, 올라퍼 엘리아슨 등','null','null','null','http://sema.seoul.go.kr/common/imageView?FILE_PATH=%2Fex%2FEXI01%2F2020%2F&FILE_NM=20201231101410_9393a7aca2e84089a787b6cfa47d8b3f_9e562b35ef5c4ad7809550c38ad40dc3');
Insert into MUSEUM.MU_EXHIBITION (EXHIB_IDX,EXHIB_SUBJECT,EXHIB_PERIOD_START,EXHIB_PERIOD_END,EXHIB_VENUE,EXHIB_ARTIST,EXHIB_ARTWORKS_CNT,EXHIB_ADMISSION,EXHIB_ORGANIZATION,EXHIB_THUMB_PATH) values (2,'《송상희 - 자연스러운 인간》',to_date('2021/12/14','YYYY/MM/DD'),to_date('2022/02/27','YYYY/MM/DD'),'콜백뮤지엄','송상희','null','null','null','http://sema.seoul.go.kr/common/imageView?FILE_PATH=%2Fex%2FEXI01%2F2020%2F&FILE_NM=20201231093320_892ae2aaf55c48d5a5dc6b041b07dab3_a87554ee365a4e9eb8a740be4228a044');
Insert into MUSEUM.MU_EXHIBITION (EXHIB_IDX,EXHIB_SUBJECT,EXHIB_PERIOD_START,EXHIB_PERIOD_END,EXHIB_VENUE,EXHIB_ARTIST,EXHIB_ARTWORKS_CNT,EXHIB_ADMISSION,EXHIB_ORGANIZATION,EXHIB_THUMB_PATH) values (3,'《나는, 선언한다》',to_date('2021/12/14','YYYY/MM/DD'),to_date('2022/03/06','YYYY/MM/DD'),'콜백뮤지엄','오세아니아 지역을 기반에 두고 활동하는 15명 내외 작가','null','null','null','http://sema.seoul.go.kr/common/imageView?FILE_PATH=%2Fex%2FEXI01%2F2020%2F&FILE_NM=20201231093626_5adef1be9fb94f6b92f9fe8ffb72e2d1_d906468096414a64916b617c9dd06311');
Insert into MUSEUM.MU_EXHIBITION (EXHIB_IDX,EXHIB_SUBJECT,EXHIB_PERIOD_START,EXHIB_PERIOD_END,EXHIB_VENUE,EXHIB_ARTIST,EXHIB_ARTWORKS_CNT,EXHIB_ADMISSION,EXHIB_ORGANIZATION,EXHIB_THUMB_PATH) values (4,'《매일 매일 드로잉》',to_date('2021/10/05','YYYY/MM/DD'),to_date('2022/04/30','YYYY/MM/DD'),'콜백뮤지엄','이수경','null','null','null','http://sema.seoul.go.kr/common/imageView?FILE_PATH=%2Fex%2FEXI01%2F2020%2F&FILE_NM=20201231101520_bc6f00a593a44e8bbdaa86294c194e28_b3982c01b91f4ca1b45737d4040a9dbc');
Insert into MUSEUM.MU_EXHIBITION (EXHIB_IDX,EXHIB_SUBJECT,EXHIB_PERIOD_START,EXHIB_PERIOD_END,EXHIB_VENUE,EXHIB_ARTIST,EXHIB_ARTWORKS_CNT,EXHIB_ADMISSION,EXHIB_ORGANIZATION,EXHIB_THUMB_PATH) values (5,'2021 타이틀 매치: 임민욱vs.장영규',to_date('2021/09/14','YYYY/MM/DD'),to_date('2021/11/21','YYYY/MM/DD'),'콜백뮤지엄','임민욱, 장영규','null','null','null','http://sema.seoul.go.kr/common/imageView?FILE_PATH=%2Fex%2FEXI01%2F2020%2F&FILE_NM=20201231101204_82805766794a4d7c8b6bc0df2f84369a_92215efd41ac4bc2aa027e98a7e6c5b7');
Insert into MUSEUM.MU_EXHIBITION (EXHIB_IDX,EXHIB_SUBJECT,EXHIB_PERIOD_START,EXHIB_PERIOD_END,EXHIB_VENUE,EXHIB_ARTIST,EXHIB_ARTWORKS_CNT,EXHIB_ADMISSION,EXHIB_ORGANIZATION,EXHIB_THUMB_PATH) values (44,'가나아트 컬렉션 기획상설전 《허스토리 리뷰》',to_date('2020/07/22','YYYY/MM/DD'),to_date('2021/08/01','YYYY/MM/DD'),'콜백뮤지엄','김원숙, 김인순, 김진숙, 노원희, 민영순, 박영숙, 박인경, 송매희, 송현숙, 안성금, 윤석남, 윤진미, 정정엽, 한애규','24점','null','콜백뮤지엄','http://sema.seoul.go.kr/common/imageView?FILE_PATH=%2Fex%2FEXI01%2F2020%2F&FILE_NM=20200720211608_8433f9b437da4f659d13bc72f9217c18_d0ba7500603f4e0a8651e79aaa0f0cca');
Insert into MUSEUM.MU_EXHIBITION (EXHIB_IDX,EXHIB_SUBJECT,EXHIB_PERIOD_START,EXHIB_PERIOD_END,EXHIB_VENUE,EXHIB_ARTIST,EXHIB_ARTWORKS_CNT,EXHIB_ADMISSION,EXHIB_ORGANIZATION,EXHIB_THUMB_PATH) values (45,'2020 서울사진축제 《보고싶어서》',to_date('2020/07/14','YYYY/MM/DD'),to_date('2020/08/16','YYYY/MM/DD'),'콜백뮤지엄','고정남, 사나이 마사후미, 사이먼 후지와라, 서민규, 소피 칼, 스톤 김, 애나 폭스, 왈리드 라드/아틀라스 그룹, 전시영, 캐서린 오피, 함혜경, 황예지','120여 점','null','null','http://sema.seoul.go.kr/common/imageView?FILE_PATH=%2Fex%2FEXI01%2F2020%2F&FILE_NM=20200721173920_d56ef25f3a2f446180be710530f11f0f_65228187b1ba4d32b340443ba5cba957');
Insert into MUSEUM.MU_EXHIBITION (EXHIB_IDX,EXHIB_SUBJECT,EXHIB_PERIOD_START,EXHIB_PERIOD_END,EXHIB_VENUE,EXHIB_ARTIST,EXHIB_ARTWORKS_CNT,EXHIB_ADMISSION,EXHIB_ORGANIZATION,EXHIB_THUMB_PATH) values (46,'2020 서울사진축제 《카메라당 전성시대》',to_date('2020/07/14','YYYY/MM/DD'),to_date('2020/08/16','YYYY/MM/DD'),'콜백뮤지엄','강봉규, 강상규, 곽수돈, 구왕삼, 김광석, 김생수, 김정래, 김테레사, 김한용, 문선호, 박상윤, 박옥수, 배동준, 배상하, 손재석, 안종칠, 육명심, 이경모, 이병삼, 이순흥, 이은주, 이종화, 이창남, 이형록, 임응식, 장진필, 전몽각, 전민조, 전오남, 정범태, 정영모, 정인성, 정정회, 정희섭, 조상범, 조현두, 차용부, 최계복, 최민식, 한영수, 홍순태, 황규태','140여 점','null','null','http://sema.seoul.go.kr/common/imageView?FILE_PATH=%2Fex%2FEXI01%2F2020%2F&FILE_NM=20200721172928_eae56ab436ee4e94bd4055bc27adc9aa_39e8ba682c9e44e4abeb4346abf508d0');
Insert into MUSEUM.MU_EXHIBITION (EXHIB_IDX,EXHIB_SUBJECT,EXHIB_PERIOD_START,EXHIB_PERIOD_END,EXHIB_VENUE,EXHIB_ARTIST,EXHIB_ARTWORKS_CNT,EXHIB_ADMISSION,EXHIB_ORGANIZATION,EXHIB_THUMB_PATH) values (47,'[신진미술인 전시지원 프로그램] 너머의 여정 The Journey of Eternity',to_date('2020/06/02','YYYY/MM/DD'),to_date('2020/09/13','YYYY/MM/DD'),'콜백뮤지엄','곽이브, 김한샘, 니콜라스 펠처, 배준현, 손경화, 송민규, 이동근, 황수연','30','null','콜백뮤지엄','http://sema.seoul.go.kr/common/imageView?FILE_PATH=%2Fex%2FEXI01%2F2020%2F&FILE_NM=20200521140234_624b4102f080479cac6c0686906d004b_a0078407a9bd424290c90125049addc7');
Insert into MUSEUM.MU_EXHIBITION (EXHIB_IDX,EXHIB_SUBJECT,EXHIB_PERIOD_START,EXHIB_PERIOD_END,EXHIB_VENUE,EXHIB_ARTIST,EXHIB_ARTWORKS_CNT,EXHIB_ADMISSION,EXHIB_ORGANIZATION,EXHIB_THUMB_PATH) values (48,'[신진미술인 전시지원 프로그램] 조경재 개인전 <여좌본부>',to_date('2020/05/06','YYYY/MM/DD'),to_date('2020/05/27','YYYY/MM/DD'),'콜백뮤지엄','조경재','null','null','콜백뮤지엄','http://sema.seoul.go.kr/common/imageView?FILE_PATH=%2Fex%2FEXI01%2F2020%2F&FILE_NM=20200507151603_e0006f14cd094c3db512b19474ddda33_8f61f9b67fea4e0b83d100bfa97a91d8');
Insert into MUSEUM.MU_EXHIBITION (EXHIB_IDX,EXHIB_SUBJECT,EXHIB_PERIOD_START,EXHIB_PERIOD_END,EXHIB_VENUE,EXHIB_ARTIST,EXHIB_ARTWORKS_CNT,EXHIB_ADMISSION,EXHIB_ORGANIZATION,EXHIB_THUMB_PATH) values (49,'《모두의 소장품》',to_date('2020/04/16','YYYY/MM/DD'),to_date('2020/06/14','YYYY/MM/DD'),'콜백뮤지엄','총 49명(팀)','총 131점','null','콜백뮤지엄 / 협력기관 느티나무도서관','http://sema.seoul.go.kr/common/imageView?FILE_PATH=%2Fex%2FEXI01%2F2020%2F&FILE_NM=20200504094636_b12cad220c734403b1d3dcf16e309e80_0738805a8ff04fe19c8b92b045f67c51');
Insert into MUSEUM.MU_EXHIBITION (EXHIB_IDX,EXHIB_SUBJECT,EXHIB_PERIOD_START,EXHIB_PERIOD_END,EXHIB_VENUE,EXHIB_ARTIST,EXHIB_ARTWORKS_CNT,EXHIB_ADMISSION,EXHIB_ORGANIZATION,EXHIB_THUMB_PATH) values (50,'《모두의 건축 소장품》',to_date('2020/04/16','YYYY/MM/DD'),to_date('2020/08/02','YYYY/MM/DD'),'콜백뮤지엄','참여기관 총 8개 기관\r\n참여작가 총 40여 명(팀)\r\n자료 협조 총 11명/기관','150여 점','null','콜백뮤지엄','http://sema.seoul.go.kr/common/imageView?FILE_PATH=%2Fex%2FEXI01%2F2020%2F&FILE_NM=20200423153354_1eb3a9e2328746d897cc2edab60ba53c_298ed5bd1bee4613948d1a31b20f96fe');
Insert into MUSEUM.MU_EXHIBITION (EXHIB_IDX,EXHIB_SUBJECT,EXHIB_PERIOD_START,EXHIB_PERIOD_END,EXHIB_VENUE,EXHIB_ARTIST,EXHIB_ARTWORKS_CNT,EXHIB_ADMISSION,EXHIB_ORGANIZATION,EXHIB_THUMB_PATH) values (51,'《물체주머니》',to_date('2020/03/26','YYYY/MM/DD'),to_date('2020/11/15','YYYY/MM/DD'),'콜백뮤지엄','김영나 디자이너','총 11 여 점','null','콜백뮤지엄','http://sema.seoul.go.kr/common/imageView?FILE_PATH=%2Fex%2FEXI01%2F2020%2F&FILE_NM=20200422155210_44907d9e87a8483a99c23ba8dd3fb205_725bf02386104d008c28a0dcef5d7060');
Insert into MUSEUM.MU_EXHIBITION (EXHIB_IDX,EXHIB_SUBJECT,EXHIB_PERIOD_START,EXHIB_PERIOD_END,EXHIB_VENUE,EXHIB_ARTIST,EXHIB_ARTWORKS_CNT,EXHIB_ADMISSION,EXHIB_ORGANIZATION,EXHIB_THUMB_PATH) values (17,'컬렉션_오픈 해킹 채굴',to_date('2021/01/26','YYYY/MM/DD'),to_date('2021/04/11','YYYY/MM/DD'),'콜백뮤지엄','구수현, 아르동, 양숙현, 오재우 등 72명','100여점','null','null','http://sema.seoul.go.kr/common/imageView?FILE_PATH=%2Fex%2FEXI01%2F2021%2F&FILE_NM=20210118141427_2c5743bc6cf349fb8060f914b4f166bf_a33fc98d317b4c47bc5ddf345b4fcc04');
Insert into MUSEUM.MU_EXHIBITION (EXHIB_IDX,EXHIB_SUBJECT,EXHIB_PERIOD_START,EXHIB_PERIOD_END,EXHIB_VENUE,EXHIB_ARTIST,EXHIB_ARTWORKS_CNT,EXHIB_ADMISSION,EXHIB_ORGANIZATION,EXHIB_THUMB_PATH) values (18,'시민큐레이터 SeMA 컬렉션 기획전 《piercer (피어서)》',to_date('2021/01/05','YYYY/MM/DD'),to_date('2021/01/19','YYYY/MM/DD'),'콜백뮤지엄','강서경, 곽이브, 박영숙, 윤인선, 윤지영, 이불, 이수경, 이혜림, 정서영, 최해리','15','null','콜백뮤지엄','http://sema.seoul.go.kr/common/imageView?FILE_PATH=%2Fex%2FEXI01%2F2021%2F&FILE_NM=20210105091420_2ea7027c7c1c4e4586aa82fa74f5d657_25619291fc554ae18c985ba538f841eb');
Insert into MUSEUM.MU_EXHIBITION (EXHIB_IDX,EXHIB_SUBJECT,EXHIB_PERIOD_START,EXHIB_PERIOD_END,EXHIB_VENUE,EXHIB_ARTIST,EXHIB_ARTWORKS_CNT,EXHIB_ADMISSION,EXHIB_ORGANIZATION,EXHIB_THUMB_PATH) values (19,'박유아 초상 프로젝트 《단순한 진심: 51 Lives》',to_date('2020/12/15','YYYY/MM/DD'),to_date('2021/04/11','YYYY/MM/DD'),'콜백뮤지엄','박유아','50여 점','null','콜백뮤지엄','http://sema.seoul.go.kr/common/imageView?FILE_PATH=%2Fex%2FEXI01%2F2020%2F&FILE_NM=20201215153938_0ad2e52729a8405490538a29781a1596_55fffb24583f4c1fbcfdefca623de10e');
Insert into MUSEUM.MU_EXHIBITION (EXHIB_IDX,EXHIB_SUBJECT,EXHIB_PERIOD_START,EXHIB_PERIOD_END,EXHIB_VENUE,EXHIB_ARTIST,EXHIB_ARTWORKS_CNT,EXHIB_ADMISSION,EXHIB_ORGANIZATION,EXHIB_THUMB_PATH) values (20,'《와당탕퉁탕》',to_date('2020/12/12','YYYY/MM/DD'),to_date('2021/09/09','YYYY/MM/DD'),'콜백뮤지엄','Sasa[44]','총 4점','null','null','http://sema.seoul.go.kr/common/imageView?FILE_PATH=%2Fex%2FEXI01%2F2020%2F&FILE_NM=20201216112408_5a859770ab2e4dcc98a86ad5b04b3c32_1150f3aaf5504dd788386bfac647cdf5');
Insert into MUSEUM.MU_EXHIBITION (EXHIB_IDX,EXHIB_SUBJECT,EXHIB_PERIOD_START,EXHIB_PERIOD_END,EXHIB_VENUE,EXHIB_ARTIST,EXHIB_ARTWORKS_CNT,EXHIB_ADMISSION,EXHIB_ORGANIZATION,EXHIB_THUMB_PATH) values (21,'유휴공간 프로젝트 《당신의 정원》',to_date('2020/11/24','YYYY/MM/DD'),to_date('2020/12/20','YYYY/MM/DD'),'콜백뮤지엄','김이박','총 30 여 점','null','null','http://sema.seoul.go.kr/common/imageView?FILE_PATH=%2Fex%2FEXI01%2F2020%2F&FILE_NM=20201123163532_757b50f2959a4845a3f95e2bb07ca5a2_70e7e1386c8d452ba304309ab659d11e');
Insert into MUSEUM.MU_EXHIBITION (EXHIB_IDX,EXHIB_SUBJECT,EXHIB_PERIOD_START,EXHIB_PERIOD_END,EXHIB_VENUE,EXHIB_ARTIST,EXHIB_ARTWORKS_CNT,EXHIB_ADMISSION,EXHIB_ORGANIZATION,EXHIB_THUMB_PATH) values (22,'[2020 시민큐레이터 전시기획] 《BGM : Background of Museum》',to_date('2020/11/20','YYYY/MM/DD'),to_date('2020/11/29','YYYY/MM/DD'),'콜백뮤지엄','곰 디자인\r\n괄호\r\n길종상가','null','null','콜백뮤지엄','http://sema.seoul.go.kr/common/imageView?FILE_PATH=%2Fex%2FEXI01%2F2020%2F&FILE_NM=20201026084327_1ee5145486b74ce2a30611255ae7d6c4_94a57dc580c44a5aa1e660701f0b0c1a');
Insert into MUSEUM.MU_EXHIBITION (EXHIB_IDX,EXHIB_SUBJECT,EXHIB_PERIOD_START,EXHIB_PERIOD_END,EXHIB_VENUE,EXHIB_ARTIST,EXHIB_ARTWORKS_CNT,EXHIB_ADMISSION,EXHIB_ORGANIZATION,EXHIB_THUMB_PATH) values (23,'[2020 시민큐레이터 전시기획] 《Iktsuarpok: 문턱만 닳도록》',to_date('2020/11/20','YYYY/MM/DD'),to_date('2020/11/29','YYYY/MM/DD'),'콜백뮤지엄','구지윤\r\n박보선\r\n해오\r\n전희경\r\n김지윤','null','null','콜백뮤지엄','http://sema.seoul.go.kr/common/imageView?FILE_PATH=%2Fex%2FEXI01%2F2020%2F&FILE_NM=20201029163856_fff509c854f84ed8bcc8cd3ed872243d_4af59a9bc7d84eb79050e2e4ae4cbe58');
Insert into MUSEUM.MU_EXHIBITION (EXHIB_IDX,EXHIB_SUBJECT,EXHIB_PERIOD_START,EXHIB_PERIOD_END,EXHIB_VENUE,EXHIB_ARTIST,EXHIB_ARTWORKS_CNT,EXHIB_ADMISSION,EXHIB_ORGANIZATION,EXHIB_THUMB_PATH) values (24,'[서서울미술관 사전 프로그램] 《언젠가 누구에게나》',to_date('2020/11/11','YYYY/MM/DD'),to_date('2020/11/22','YYYY/MM/DD'),'콜백뮤지엄','50여명, 팀','null','null','서울특별시 문화본부 박물관과, 콜백뮤지엄, 문화체육관광부, 한국문화예술위원회, 한국장애인문화예술원','http://sema.seoul.go.kr/common/imageView?FILE_PATH=%2Fex%2FEXI01%2F2020%2F&FILE_NM=20201105100138_40877b2d72b041a4b1f2375a3bfd77ab_1c413db97a764f7e9f36256d49c056bf');
Insert into MUSEUM.MU_EXHIBITION (EXHIB_IDX,EXHIB_SUBJECT,EXHIB_PERIOD_START,EXHIB_PERIOD_END,EXHIB_VENUE,EXHIB_ARTIST,EXHIB_ARTWORKS_CNT,EXHIB_ADMISSION,EXHIB_ORGANIZATION,EXHIB_THUMB_PATH) values (25,'[2020 시민큐레이터 전시기획] 《비둘기그라피: 낭만적 상징에서 바이오포비아까지》',to_date('2020/11/05','YYYY/MM/DD'),to_date('2020/11/15','YYYY/MM/DD'),'콜백뮤지엄','박지나\r\n조상\r\n노현탁\r\n이한나\r\n조이스진','null','null','콜백뮤지엄','http://sema.seoul.go.kr/common/imageView?FILE_PATH=%2Fex%2FEXI01%2F2020%2F&FILE_NM=20201117134724_a579154c0d5541379661376fd7542b65_537131dc625247eaaf52b3f1b641515a');
Insert into MUSEUM.MU_EXHIBITION (EXHIB_IDX,EXHIB_SUBJECT,EXHIB_PERIOD_START,EXHIB_PERIOD_END,EXHIB_VENUE,EXHIB_ARTIST,EXHIB_ARTWORKS_CNT,EXHIB_ADMISSION,EXHIB_ORGANIZATION,EXHIB_THUMB_PATH) values (26,'[2020 시민큐레이터 전시기획] 《당신의 K에 대하여》',to_date('2020/11/05','YYYY/MM/DD'),to_date('2020/11/15','YYYY/MM/DD'),'콜백뮤지엄','박소현\r\n서인혜\r\n이소윤\r\n이인강\r\n임재형','null','null','콜백뮤지엄','http://sema.seoul.go.kr/common/imageView?FILE_PATH=%2Fex%2FEXI01%2F2020%2F&FILE_NM=20201013153205_7afc7a18bf6d44eb999facd03f72c2ef_9f29228e523243e8a3cfcaffd22924f5');
Insert into MUSEUM.MU_EXHIBITION (EXHIB_IDX,EXHIB_SUBJECT,EXHIB_PERIOD_START,EXHIB_PERIOD_END,EXHIB_VENUE,EXHIB_ARTIST,EXHIB_ARTWORKS_CNT,EXHIB_ADMISSION,EXHIB_ORGANIZATION,EXHIB_THUMB_PATH) values (27,'[2020 시민큐레이터 전시기획] 《thedesert.xyz》',to_date('2020/10/22','YYYY/MM/DD'),to_date('2020/11/01','YYYY/MM/DD'),'콜백뮤지엄','박세영\r\n유영진\r\n임지민\r\nJan Adriaans','null','null','콜백뮤지엄','http://sema.seoul.go.kr/common/imageView?FILE_PATH=%2Fex%2FEXI01%2F2020%2F&FILE_NM=20201013152831_6530886da37141c3aff57cf7cee9f841_e24174a6042141c0a20cc5d5e7865176');
Insert into MUSEUM.MU_EXHIBITION (EXHIB_IDX,EXHIB_SUBJECT,EXHIB_PERIOD_START,EXHIB_PERIOD_END,EXHIB_VENUE,EXHIB_ARTIST,EXHIB_ARTWORKS_CNT,EXHIB_ADMISSION,EXHIB_ORGANIZATION,EXHIB_THUMB_PATH) values (28,'[2020 시민큐레이터 전시기획] 《오늘도 나는 일기를 쓴다》',to_date('2020/10/22','YYYY/MM/DD'),to_date('2020/11/01','YYYY/MM/DD'),'콜백뮤지엄','민경희\r\n박지영\r\n아리\r\n오리여인\r\n서울여자\r\n히조','null','null','콜백뮤지엄','http://sema.seoul.go.kr/common/imageView?FILE_PATH=%2Fex%2FEXI01%2F2020%2F&FILE_NM=20201014162804_32fed13478b74bfe84ad75db4a125adb_92ed30d6ed3547db937324324a958fe3');
Insert into MUSEUM.MU_EXHIBITION (EXHIB_IDX,EXHIB_SUBJECT,EXHIB_PERIOD_START,EXHIB_PERIOD_END,EXHIB_VENUE,EXHIB_ARTIST,EXHIB_ARTWORKS_CNT,EXHIB_ADMISSION,EXHIB_ORGANIZATION,EXHIB_THUMB_PATH) values (29,'2020 타이틀 매치: 함양아 vs. 서동진 《흔들리는 사람들에게》',to_date('2020/10/20','YYYY/MM/DD'),to_date('2021/03/01','YYYY/MM/DD'),'콜백뮤지엄','함양아, 서동진','null','null','null','http://sema.seoul.go.kr/common/imageView?FILE_PATH=%2Fex%2FEXI01%2F2021%2F&FILE_NM=20210121163729_bbaad79cf1964714ac84244ef9a71b08_ebc5263d44cd4ccbb43d2e75019a1112');
Insert into MUSEUM.MU_EXHIBITION (EXHIB_IDX,EXHIB_SUBJECT,EXHIB_PERIOD_START,EXHIB_PERIOD_END,EXHIB_VENUE,EXHIB_ARTIST,EXHIB_ARTWORKS_CNT,EXHIB_ADMISSION,EXHIB_ORGANIZATION,EXHIB_THUMB_PATH) values (30,'시민큐레이터 SeMA 컬렉션 기획전 《우리라는 무리》',to_date('2020/10/13','YYYY/MM/DD'),to_date('2020/10/27','YYYY/MM/DD'),'콜백뮤지엄','김경섭, 김문, 김옥선, 김해민, 노세환, 박은태, 박진아, 백지순, 유스케 히시다, 윤정미, 이효연, 장성은, 정정엽, 조덕현, 차혜림','18','null','콜백뮤지엄, 강남문화재단','http://sema.seoul.go.kr/common/imageView?FILE_PATH=%2Fex%2FEXI01%2F2020%2F&FILE_NM=20201009153453_71f4649588ab4c2eb9845e6f886a84c7_050ebce670394d9d9ab7c95d7af5b427');
Insert into MUSEUM.MU_EXHIBITION (EXHIB_IDX,EXHIB_SUBJECT,EXHIB_PERIOD_START,EXHIB_PERIOD_END,EXHIB_VENUE,EXHIB_ARTIST,EXHIB_ARTWORKS_CNT,EXHIB_ADMISSION,EXHIB_ORGANIZATION,EXHIB_THUMB_PATH) values (31,'[2020 시민큐레이터 전시기획] 《창작자의 수집법》',to_date('2020/10/08','YYYY/MM/DD'),to_date('2020/10/18','YYYY/MM/DD'),'콜백뮤지엄','오복기공사 \r\n이혜선 \r\n제로랩','null','null','콜백뮤지엄','http://sema.seoul.go.kr/common/imageView?FILE_PATH=%2Fex%2FEXI01%2F2020%2F&FILE_NM=20201110163932_c3e823209dee43ab9130b0ad475d7412_1321a1a24fb94f46821b68d9d23a46d3');
Insert into MUSEUM.MU_EXHIBITION (EXHIB_IDX,EXHIB_SUBJECT,EXHIB_PERIOD_START,EXHIB_PERIOD_END,EXHIB_VENUE,EXHIB_ARTIST,EXHIB_ARTWORKS_CNT,EXHIB_ADMISSION,EXHIB_ORGANIZATION,EXHIB_THUMB_PATH) values (32,'[2020 시민큐레이터 전시기획] 《불온한 몸-이식된 것들의 생태》',to_date('2020/10/08','YYYY/MM/DD'),to_date('2020/10/18','YYYY/MM/DD'),'콜백뮤지엄','강주리\r\n안준영\r\n이샛별','null','null','콜백뮤지엄','http://sema.seoul.go.kr/common/imageView?FILE_PATH=%2Fex%2FEXI01%2F2020%2F&FILE_NM=20201013151724_afc013916e96417b8398603615b3e65d_99a906acc11f4e0382b2230c0ec429c0');
Insert into MUSEUM.MU_EXHIBITION (EXHIB_IDX,EXHIB_SUBJECT,EXHIB_PERIOD_START,EXHIB_PERIOD_END,EXHIB_VENUE,EXHIB_ARTIST,EXHIB_ARTWORKS_CNT,EXHIB_ADMISSION,EXHIB_ORGANIZATION,EXHIB_THUMB_PATH) values (33,'[2020 시민큐레이터 전시기획] 《돈을 벌지 않는 사람들》',to_date('2020/09/23','YYYY/MM/DD'),to_date('2020/10/04','YYYY/MM/DD'),'콜백뮤지엄','구지은 \r\n백다래 \r\n조영주','null','null','콜백뮤지엄','http://sema.seoul.go.kr/common/imageView?FILE_PATH=%2Fex%2FEXI01%2F2020%2F&FILE_NM=20201013150712_332ce9ee834648458b62bef1e0ea043a_58e7687f933749aa83db8a5072c26918');
Insert into MUSEUM.MU_EXHIBITION (EXHIB_IDX,EXHIB_SUBJECT,EXHIB_PERIOD_START,EXHIB_PERIOD_END,EXHIB_VENUE,EXHIB_ARTIST,EXHIB_ARTWORKS_CNT,EXHIB_ADMISSION,EXHIB_ORGANIZATION,EXHIB_THUMB_PATH) values (34,'[2020 시민큐레이터 전시기획] 《모두의 달》',to_date('2020/09/23','YYYY/MM/DD'),to_date('2020/10/04','YYYY/MM/DD'),'콜백뮤지엄','김춘재\r\n김화정\r\n현덕식\r\n홍범','null','null','콜백뮤지엄','http://sema.seoul.go.kr/common/imageView?FILE_PATH=%2Fex%2FEXI01%2F2020%2F&FILE_NM=20201013151125_320a901ea7b44826a3fb6478d4af7096_cbfb16c007354967b4fcd266fd30afba');
Insert into MUSEUM.MU_EXHIBITION (EXHIB_IDX,EXHIB_SUBJECT,EXHIB_PERIOD_START,EXHIB_PERIOD_END,EXHIB_VENUE,EXHIB_ARTIST,EXHIB_ARTWORKS_CNT,EXHIB_ADMISSION,EXHIB_ORGANIZATION,EXHIB_THUMB_PATH) values (35,'한네프켄재단+SeMA 미디어 소장전 《파도가 지나간 자리》',to_date('2020/09/03','YYYY/MM/DD'),to_date('2021/02/14','YYYY/MM/DD'),'콜백뮤지엄','가브리엘 마스카로, 김아영, 권용주, 다이애나 세이터, 딘 큐레, 무진형제, 박경근, 빌 비올라, 송상희, 쉬린 네샤트, 안리 살라, 준 응우옌-하츠시바, 파비앵 리고베르','14점','null','콜백뮤지엄, 한네프켄재단','http://sema.seoul.go.kr/common/imageView?FILE_PATH=%2Fex%2FEXI01%2F2020%2F&FILE_NM=20200925152127_039596925af645e180cd22be98f435a0_b82dd87b4ede4127927d69d2fe6c29ba');
Insert into MUSEUM.MU_EXHIBITION (EXHIB_IDX,EXHIB_SUBJECT,EXHIB_PERIOD_START,EXHIB_PERIOD_END,EXHIB_VENUE,EXHIB_ARTIST,EXHIB_ARTWORKS_CNT,EXHIB_ADMISSION,EXHIB_ORGANIZATION,EXHIB_THUMB_PATH) values (36,'대기실 프로젝트《전혀 예술적인, 엉성한 미술관》',to_date('2020/08/25','YYYY/MM/DD'),to_date('2020/10/25','YYYY/MM/DD'),'콜백뮤지엄','□ 사전프로그램  \r\n▸SeMA멤버스 클럽 사전 프로그램 참여 관객\r\n▸미술관 시설운영/방호 직원(김정숙, 김시종, 박병태, 이대경, 임병일) \r\n▸전시안내스텝(김율) \r\n▸도슨트(유양숙, 이혜빈, 황희숙) \r\n▸교육강사(김주리, 설민희, 송현정, 이수미) \r\n▸예술가의 런치박스 참여작가(김가람, 유지인, 이우성, 이예승, 활활(장성진, 신소우주))\r\n\r\n□ 전시와 프로그램 \r\n기슬기, 김가람, 김석, 로와정, 박상숙, 박현정, 송현정, 유화수, 이문호, 이수미, 이우성, 이원호, 임영균, 이일우, 이예승, 이종건, 장성은, 장응복, 정승, 최만린, 홍승희','21점(소장품 16점)','null','콜백뮤지엄','http://sema.seoul.go.kr/common/imageView?FILE_PATH=%2Fex%2FEXI01%2F2020%2F&FILE_NM=20200826153021_11cf66e72eff4d3397f3a6e78bbff941_21186f0118ca48a6a7f62fb0eac526a1');
Insert into MUSEUM.MU_EXHIBITION (EXHIB_IDX,EXHIB_SUBJECT,EXHIB_PERIOD_START,EXHIB_PERIOD_END,EXHIB_VENUE,EXHIB_ARTIST,EXHIB_ARTWORKS_CNT,EXHIB_ADMISSION,EXHIB_ORGANIZATION,EXHIB_THUMB_PATH) values (37,'대기실 프로젝트《전혀 예술적인, 엉성한 미술관》 Online page',to_date('2020/08/21','YYYY/MM/DD'),to_date('2020/10/25','YYYY/MM/DD'),'콜백뮤지엄','□ 사전프로그램 \r\n▸SeMA멤버스 클럽 사전 프로그램 참여 관객\r\n▸미술관 시설운영/방호 직원(김정숙, 김시종, 박병태, 이대경, 임병일) \r\n▸전시안내스텝(김율) \r\n▸도슨트(유양숙, 이혜빈, 황희숙) \r\n▸교육강사(김주리, 설민희, 송현정, 이수미) \r\n▸예술가의 런치박스 참여작가(김가람, 유지인, 이우성, 이예승, 활활(장성진, 신소우주))\r\n\r\n□ 전시와 프로그램 \r\n기슬기, 김가람, 김석, 로와정, 박상숙, 박현정, 송현정, 유화수, 이문호, 이수미, 이우성, 이원호, 임영균, 이일우, 이예승, 이종건, 장성은, 장응복, 정승, 최만린, 홍승희','21점(소장품 16점)','null','콜백뮤지엄','http://sema.seoul.go.kr/common/imageView?FILE_PATH=%2Fex%2FEXI01%2F2020%2F&FILE_NM=20200826152955_27303ee58db844de90b6b523649bfb58_609d4b16c3d44758bce3530c9f029c37');
Insert into MUSEUM.MU_EXHIBITION (EXHIB_IDX,EXHIB_SUBJECT,EXHIB_PERIOD_START,EXHIB_PERIOD_END,EXHIB_VENUE,EXHIB_ARTIST,EXHIB_ARTWORKS_CNT,EXHIB_ADMISSION,EXHIB_ORGANIZATION,EXHIB_THUMB_PATH) values (38,'유휴공간 프로젝트 《북스 북스 Buk''s Books》',to_date('2020/08/20','YYYY/MM/DD'),to_date('2020/12/31','YYYY/MM/DD'),'콜백뮤지엄','원투차차차 권의현','null','null','null','http://sema.seoul.go.kr/common/imageView?FILE_PATH=%2Fex%2FEXI01%2F2020%2F&FILE_NM=20201201111955_8441b0ff4a094012ab1e2be9e32a15f5_c97a9125fb3645dc8bc705d5fea44b0f');
Insert into MUSEUM.MU_EXHIBITION (EXHIB_IDX,EXHIB_SUBJECT,EXHIB_PERIOD_START,EXHIB_PERIOD_END,EXHIB_VENUE,EXHIB_ARTIST,EXHIB_ARTWORKS_CNT,EXHIB_ADMISSION,EXHIB_ORGANIZATION,EXHIB_THUMB_PATH) values (39,'《일어나 올라가 임동식》',to_date('2020/08/19','YYYY/MM/DD'),to_date('2020/12/31','YYYY/MM/DD'),'콜백뮤지엄','null','null','null','null','http://sema.seoul.go.kr/common/imageView?FILE_PATH=%2Fex%2FEXI01%2F2020%2F&FILE_NM=20200707160506_3537a6ab55574cfd904572191bb9b7cc_24a0dba5d49b425b85c8ef958fb87611');
Insert into MUSEUM.MU_EXHIBITION (EXHIB_IDX,EXHIB_SUBJECT,EXHIB_PERIOD_START,EXHIB_PERIOD_END,EXHIB_VENUE,EXHIB_ARTIST,EXHIB_ARTWORKS_CNT,EXHIB_ADMISSION,EXHIB_ORGANIZATION,EXHIB_THUMB_PATH) values (40,'하나의 사건',to_date('2020/08/12','YYYY/MM/DD'),to_date('2020/12/31','YYYY/MM/DD'),'콜백뮤지엄','구민자, 권령은, 김동희, 디오라마비방씨어터_송주호, 로리 필그림, 민구홍 매뉴팩처링, 박민희, 박아람, 서현석, 아트 인큐베이터, 알렉스 체케티, 윤지영X스티븐 콱, 정서영, 정아람, 조현아, 주앙 도스 산토스 마틴스, 지아지아 치, 최윤석','40여점','null','콜백뮤지엄','http://sema.seoul.go.kr/common/imageView?FILE_PATH=%2Fex%2FEXI01%2F2020%2F&FILE_NM=20200805092559_f9a5573faec14a73b62fb8c0c1c5f942_ac572f13cba1466ab1ceeaf1fd1bbb67');
Insert into MUSEUM.MU_EXHIBITION (EXHIB_IDX,EXHIB_SUBJECT,EXHIB_PERIOD_START,EXHIB_PERIOD_END,EXHIB_VENUE,EXHIB_ARTIST,EXHIB_ARTWORKS_CNT,EXHIB_ADMISSION,EXHIB_ORGANIZATION,EXHIB_THUMB_PATH) values (41,'[신진미술인 전시지원 프로그램] 이주리 개인전 <리패키지>',to_date('2020/08/07','YYYY/MM/DD'),to_date('2020/09/06','YYYY/MM/DD'),'콜백뮤지엄','이주리','null','null','콜백뮤지엄','http://sema.seoul.go.kr/common/imageView?FILE_PATH=%2Fex%2FEXI01%2F2020%2F&FILE_NM=20200724103400_28c0f25c328948cfb30ab69e8e229fb8_48dca37a310544849dc6fbd0b0820892');
Insert into MUSEUM.MU_EXHIBITION (EXHIB_IDX,EXHIB_SUBJECT,EXHIB_PERIOD_START,EXHIB_PERIOD_END,EXHIB_VENUE,EXHIB_ARTIST,EXHIB_ARTWORKS_CNT,EXHIB_ADMISSION,EXHIB_ORGANIZATION,EXHIB_THUMB_PATH) values (42,'[신진미술인 전시지원 프로그램] 하승현 개인전 <The Pale Red Dot>',to_date('2020/08/07','YYYY/MM/DD'),to_date('2020/09/06','YYYY/MM/DD'),'콜백뮤지엄','하승현','null','null','콜백뮤지엄','http://sema.seoul.go.kr/common/imageView?FILE_PATH=%2Fex%2FEXI01%2F2020%2F&FILE_NM=20200731121610_41635db7aef342f49b941d2de72ac2f6_dfac613e3d124a0cacd89cdf32240e71');
Insert into MUSEUM.MU_EXHIBITION (EXHIB_IDX,EXHIB_SUBJECT,EXHIB_PERIOD_START,EXHIB_PERIOD_END,EXHIB_VENUE,EXHIB_ARTIST,EXHIB_ARTWORKS_CNT,EXHIB_ADMISSION,EXHIB_ORGANIZATION,EXHIB_THUMB_PATH) values (43,'비디오 콜라주-파운드 푸티지-쉐어드 무빙이미지',to_date('2020/08/04','YYYY/MM/DD'),to_date('2020/12/31','YYYY/MM/DD'),'콜백뮤지엄','백남준, 쉬빙, 호 추 니엔','3점','null','주최 콜백뮤지엄, 주관 백남준 미술관, 초청 기획 서진석','http://sema.seoul.go.kr/common/imageView?FILE_PATH=%2Fex%2FEXI01%2F2020%2F&FILE_NM=20200805153109_89940d360e674ccba26fa2dbfbb3d410_47d393b79b0a44cc9eb526f7b82c40a4');
Insert into MUSEUM.MU_EXHIBITION (EXHIB_IDX,EXHIB_SUBJECT,EXHIB_PERIOD_START,EXHIB_PERIOD_END,EXHIB_VENUE,EXHIB_ARTIST,EXHIB_ARTWORKS_CNT,EXHIB_ADMISSION,EXHIB_ORGANIZATION,EXHIB_THUMB_PATH) values (54,'레안드로 에를리치: 그림자를 드리우고',to_date('2019/12/17','YYYY/MM/DD'),to_date('2020/06/21','YYYY/MM/DD'),'콜백뮤지엄','레안드로 에를리치','8','null','콜백뮤지엄','http://sema.seoul.go.kr/common/imageView?FILE_PATH=%2Fex%2FEXI01%2F2019%2F&FILE_NM=20191217144707_b2520a9de1d54ad2987f74d12697391a_44e790c4756c4909901a63ee1090c081');
Insert into MUSEUM.MU_EXHIBITION (EXHIB_IDX,EXHIB_SUBJECT,EXHIB_PERIOD_START,EXHIB_PERIOD_END,EXHIB_VENUE,EXHIB_ARTIST,EXHIB_ARTWORKS_CNT,EXHIB_ADMISSION,EXHIB_ORGANIZATION,EXHIB_THUMB_PATH) values (55,'유휴공간 프로젝트 <인간, 사랑, 빛>',to_date('2019/12/10','YYYY/MM/DD'),to_date('2020/12/31','YYYY/MM/DD'),'콜백뮤지엄','이성근','null','null','null','http://sema.seoul.go.kr/common/imageView?FILE_PATH=%2Fex%2FEXI01%2F2020%2F&FILE_NM=20200507102144_46ce87ced6d047c2b596496df5324fbd_7db47532d2544266aa9f8bf6bd8b8b16');
Insert into MUSEUM.MU_EXHIBITION (EXHIB_IDX,EXHIB_SUBJECT,EXHIB_PERIOD_START,EXHIB_PERIOD_END,EXHIB_VENUE,EXHIB_ARTIST,EXHIB_ARTWORKS_CNT,EXHIB_ADMISSION,EXHIB_ORGANIZATION,EXHIB_THUMB_PATH) values (56,'강박² Compulsion to Repeat',to_date('2019/11/27','YYYY/MM/DD'),to_date('2020/03/08','YYYY/MM/DD'),'콜백뮤지엄','김용관, 김인배, 뉴 미네랄 콜렉티브, 에밀리아 스카눌리터, 오머 파스트, 우정수, 이재이, 정연두, 차재민','45점','null','콜백뮤지엄','http://sema.seoul.go.kr/common/imageView?FILE_PATH=%2Fex%2FEXI01%2F2020%2F&FILE_NM=20200130095508_05c62b0fd3344b019918d21a7248e569_428d58fd12fb43569d8c629d3d86a5ed');
Insert into MUSEUM.MU_EXHIBITION (EXHIB_IDX,EXHIB_SUBJECT,EXHIB_PERIOD_START,EXHIB_PERIOD_END,EXHIB_VENUE,EXHIB_ARTIST,EXHIB_ARTWORKS_CNT,EXHIB_ADMISSION,EXHIB_ORGANIZATION,EXHIB_THUMB_PATH) values (59,'사각 생각 삼각',to_date('2019/10/08','YYYY/MM/DD'),to_date('2020/03/10','YYYY/MM/DD'),'콜백뮤지엄','강서경','null','null','콜백뮤지엄','http://sema.seoul.go.kr/common/imageView?FILE_PATH=%2Fex%2FEXI01%2F2019%2F&FILE_NM=20191010144037_8defdf1c7aaa448296c76d2e55f523e4_94143f94ac484a6e8954a22de3a50fd0');
Insert into MUSEUM.MU_EXHIBITION (EXHIB_IDX,EXHIB_SUBJECT,EXHIB_PERIOD_START,EXHIB_PERIOD_END,EXHIB_VENUE,EXHIB_ARTIST,EXHIB_ARTWORKS_CNT,EXHIB_ADMISSION,EXHIB_ORGANIZATION,EXHIB_THUMB_PATH) values (60,'[신진미술인 전시지원 프로그램] PRO-TEST',to_date('2019/10/04','YYYY/MM/DD'),to_date('2019/10/23','YYYY/MM/DD'),'콜백뮤지엄','AVOPOKTOVES(송민정, 안초롱, 최수빈), 이수성, 탁영준, 호상근','null','null','콜백뮤지엄','http://sema.seoul.go.kr/common/imageView?FILE_PATH=%2Fex%2FEXI01%2F2019%2F&FILE_NM=20190930130733_f9a37615641c4494beab6d77f1876ffe_4ddcc8694b7943faac7ccaa167986259');
Insert into MUSEUM.MU_EXHIBITION (EXHIB_IDX,EXHIB_SUBJECT,EXHIB_PERIOD_START,EXHIB_PERIOD_END,EXHIB_VENUE,EXHIB_ARTIST,EXHIB_ARTWORKS_CNT,EXHIB_ADMISSION,EXHIB_ORGANIZATION,EXHIB_THUMB_PATH) values (61,'2019 서울사진축제 《오픈 유어 스토리지: 역사, 순환, 담론》',to_date('2019/10/01','YYYY/MM/DD'),to_date('2019/11/10','YYYY/MM/DD'),'콜백뮤지엄','전시 1. – 성두경, 이경모, 이형록, 임응식, 임인식, 한영수 \r\n전시 2. - 기슬기, 김도균, 김문독, 김신욱, 무궁화소녀, 문형조, 박동균, 송예환, 숄림 , 안성석, 파트타임스위트, 불꽃페미액션, @blue1027_ \r\n프로그램 - 김민, 박수지, 박지수, 포럼A, 송수정, 손이상, 전가경, 최혜영, 황예지, 보스토크프레스, 글래머샷, 사진바다','null','null','null','http://sema.seoul.go.kr/common/imageView?FILE_PATH=%2Fex%2FEXI01%2F2019%2F&FILE_NM=20190930104835_426eb88038224213bc8d80a115b6028e_cce3ab91862646e18a6eba1fe6e8c0ec');
Insert into MUSEUM.MU_EXHIBITION (EXHIB_IDX,EXHIB_SUBJECT,EXHIB_PERIOD_START,EXHIB_PERIOD_END,EXHIB_VENUE,EXHIB_ARTIST,EXHIB_ARTWORKS_CNT,EXHIB_ADMISSION,EXHIB_ORGANIZATION,EXHIB_THUMB_PATH) values (62,'2019 대외협력전시 <SeMA Collection: 아파트>',to_date('2019/09/24','YYYY/MM/DD'),to_date('2019/10/10','YYYY/MM/DD'),'콜백뮤지엄','강봉규, 권순관, 김덕기, 김상돈, 김수영, 김옥선, 박성훈, 박찬민, 백승우, 원종철, 유인수, 윤정미, 이만익, 이지영, 장민승, 정보영, 정재호, 정지현','19','null','콜백뮤지엄, 강남문화재단','http://sema.seoul.go.kr/common/imageView?FILE_PATH=%2Fex%2FEXI01%2F2019%2F&FILE_NM=20191010153546_524ae6f27dfd4ca4beefb7a3ae8dc206_5831777d8c3a4eaeae9605c5663a2cb0');
Insert into MUSEUM.MU_EXHIBITION (EXHIB_IDX,EXHIB_SUBJECT,EXHIB_PERIOD_START,EXHIB_PERIOD_END,EXHIB_VENUE,EXHIB_ARTIST,EXHIB_ARTWORKS_CNT,EXHIB_ADMISSION,EXHIB_ORGANIZATION,EXHIB_THUMB_PATH) values (63,'2019 대외협력전시 <SeMA Collection: 집요한 손>',to_date('2019/09/19','YYYY/MM/DD'),to_date('2019/10/19','YYYY/MM/DD'),'콜백뮤지엄','고산금, 공성환, 김동유, 도윤희, 양주혜, 유봉상, 유승호, 이동재, 이현호, 정현숙','13','null','콜백뮤지엄, 마포문화재단','http://sema.seoul.go.kr/common/imageView?FILE_PATH=%2Fex%2FEXI01%2F2019%2F&FILE_NM=20191010160025_bb7988df9ff84f4ebe59b641d8bd757d_5fd8dc2bb57b4925acac5e31ae940e9e');
Insert into MUSEUM.MU_EXHIBITION (EXHIB_IDX,EXHIB_SUBJECT,EXHIB_PERIOD_START,EXHIB_PERIOD_END,EXHIB_VENUE,EXHIB_ARTIST,EXHIB_ARTWORKS_CNT,EXHIB_ADMISSION,EXHIB_ORGANIZATION,EXHIB_THUMB_PATH) values (64,'[신진미술인 전시지원 프로그램] 줌 백 카메라',to_date('2019/09/06','YYYY/MM/DD'),to_date('2019/09/25','YYYY/MM/DD'),'콜백뮤지엄','김희욱, 임영주, 차지량, 홍진훤','null','null','콜백뮤지엄','http://sema.seoul.go.kr/common/imageView?FILE_PATH=%2Fex%2FEXI01%2F2019%2F&FILE_NM=20190903152040_52a7a001011345e49c99dd4ed2c74423_e6386288587a4e6397eb6a5e8c004df4');
Insert into MUSEUM.MU_EXHIBITION (EXHIB_IDX,EXHIB_SUBJECT,EXHIB_PERIOD_START,EXHIB_PERIOD_END,EXHIB_VENUE,EXHIB_ARTIST,EXHIB_ARTWORKS_CNT,EXHIB_ADMISSION,EXHIB_ORGANIZATION,EXHIB_THUMB_PATH) values (65,'에이징 월드 - Will you still love me tomorrow?',to_date('2019/08/27','YYYY/MM/DD'),to_date('2019/10/20','YYYY/MM/DD'),'콜백뮤지엄','SMSM (Sasa[44], 박미나, 최슬기, 최성민), 나탈리아 라사예 모리요, 로렌 그린필드, 박은태, 삼프사 비르카예르비, 안나 비트, 안네 올로프손, 오형근, 옵티컬 레이스, 와이즈 건축, 윤지영, 이모저모 도모소, 이병호, 일상의실천, 커먼 어카운츠','약 40점','null','콜백뮤지엄','http://sema.seoul.go.kr/common/imageView?FILE_PATH=%2Fex%2FEXI01%2F2019%2F&FILE_NM=20190312095140_05c57b4957ee46418690ea243f787afe_029325899bf8419fb57b9d25d6d8bfa6');
Insert into MUSEUM.MU_EXHIBITION (EXHIB_IDX,EXHIB_SUBJECT,EXHIB_PERIOD_START,EXHIB_PERIOD_END,EXHIB_VENUE,EXHIB_ARTIST,EXHIB_ARTWORKS_CNT,EXHIB_ADMISSION,EXHIB_ORGANIZATION,EXHIB_THUMB_PATH) values (66,'[신진미술인 전시지원 프로그램] 눈의 소리',to_date('2019/08/02','YYYY/MM/DD'),to_date('2019/08/21','YYYY/MM/DD'),'콜백뮤지엄','신지선','null','null','콜백뮤지엄','http://sema.seoul.go.kr/common/imageView?FILE_PATH=%2Fex%2FEXI01%2F2019%2F&FILE_NM=20190731135309_f2f3cefec1284366966da074d6ad8d88_0f048b98d5c54f77b2952d76a7cee7a6');
Insert into MUSEUM.MU_EXHIBITION (EXHIB_IDX,EXHIB_SUBJECT,EXHIB_PERIOD_START,EXHIB_PERIOD_END,EXHIB_VENUE,EXHIB_ARTIST,EXHIB_ARTWORKS_CNT,EXHIB_ADMISSION,EXHIB_ORGANIZATION,EXHIB_THUMB_PATH) values (67,'[신진미술인 전시지원 프로그램] 남한 앙상블',to_date('2019/08/02','YYYY/MM/DD'),to_date('2019/08/21','YYYY/MM/DD'),'콜백뮤지엄','최태훈','null','null','콜백뮤지엄','http://sema.seoul.go.kr/common/imageView?FILE_PATH=%2Fex%2FEXI01%2F2019%2F&FILE_NM=20190731135000_25ea28582eaa44a997b38c8b5bd587f4_292fdf2cff4647c89542a4c6c1af1341');
Insert into MUSEUM.MU_EXHIBITION (EXHIB_IDX,EXHIB_SUBJECT,EXHIB_PERIOD_START,EXHIB_PERIOD_END,EXHIB_VENUE,EXHIB_ARTIST,EXHIB_ARTWORKS_CNT,EXHIB_ADMISSION,EXHIB_ORGANIZATION,EXHIB_THUMB_PATH) values (68,'석가산의 액션 뮤직',to_date('2019/07/20','YYYY/MM/DD'),to_date('2020/02/29','YYYY/MM/DD'),'콜백뮤지엄','서울익스프레스, Dydsu + DJ yesyes, 이정성 테크니션, 백남준 가족','null','null','콜백뮤지엄','http://sema.seoul.go.kr/common/imageView?FILE_PATH=%2Fex%2FEXI01%2F2019%2F&FILE_NM=20190722112801_0b90c5d12a254dc28ef7d5a3a09e63fa_46e36c1b19d84fc69096133ed6d67e7a');
Insert into MUSEUM.MU_EXHIBITION (EXHIB_IDX,EXHIB_SUBJECT,EXHIB_PERIOD_START,EXHIB_PERIOD_END,EXHIB_VENUE,EXHIB_ARTIST,EXHIB_ARTWORKS_CNT,EXHIB_ADMISSION,EXHIB_ORGANIZATION,EXHIB_THUMB_PATH) values (69,'[신진미술인 전시지원 프로그램] 분열된 측정, 정신적 활동성',to_date('2019/07/05','YYYY/MM/DD'),to_date('2019/07/24','YYYY/MM/DD'),'콜백뮤지엄','김정헌','null','null','콜백뮤지엄','http://sema.seoul.go.kr/common/imageView?FILE_PATH=%2Fex%2FEXI01%2F2019%2F&FILE_NM=20190702093747_fcf9cd73c641417a8290024e9d07a36c_d1d18545780746babc731fa30a0cc319');
Insert into MUSEUM.MU_EXHIBITION (EXHIB_IDX,EXHIB_SUBJECT,EXHIB_PERIOD_START,EXHIB_PERIOD_END,EXHIB_VENUE,EXHIB_ARTIST,EXHIB_ARTWORKS_CNT,EXHIB_ADMISSION,EXHIB_ORGANIZATION,EXHIB_THUMB_PATH) values (70,'[신진미술인 전시지원 프로그램] 모음',to_date('2019/07/05','YYYY/MM/DD'),to_date('2019/07/24','YYYY/MM/DD'),'콜백뮤지엄','양지원','null','null','콜백뮤지엄','http://sema.seoul.go.kr/common/imageView?FILE_PATH=%2Fex%2FEXI01%2F2019%2F&FILE_NM=20190702100047_f61919aae5b248829e1915837cbcd1a9_2566b3d4ee88446c8223606573573314');
Insert into MUSEUM.MU_EXHIBITION (EXHIB_IDX,EXHIB_SUBJECT,EXHIB_PERIOD_START,EXHIB_PERIOD_END,EXHIB_VENUE,EXHIB_ARTIST,EXHIB_ARTWORKS_CNT,EXHIB_ADMISSION,EXHIB_ORGANIZATION,EXHIB_THUMB_PATH) values (71,'한국근현대명화전 <근대의 꿈: 꽃나무는 심어 놓고>',to_date('2019/07/02','YYYY/MM/DD'),to_date('2019/09/15','YYYY/MM/DD'),'콜백뮤지엄','구본웅, 권영우, 권옥연, 권진규, 김기창, 김만형, 김인승, 김중현, 김형구, 김환기, 나혜석, 남관, 도상봉, 문신, 문학진, 박광진, 박노수, 박득순, 박래현, 박상옥, 박수근, 박영선, 오지호, 유영국, 윤재우, 이경희, 이대원, 이마동, 이세득, 이유태, 이종우, 이중섭, 임직순, 장우성, 장욱진, 정점식, 천경자, 한묵','73','null','콜백뮤지엄','http://sema.seoul.go.kr/common/imageView?FILE_PATH=%2Fex%2FEXI01%2F2019%2F&FILE_NM=20190821145115_0067fd6f66104f63bb8c207084238f23_66cc7dd143c14cfb96a37f97eb060503');
Insert into MUSEUM.MU_EXHIBITION (EXHIB_IDX,EXHIB_SUBJECT,EXHIB_PERIOD_START,EXHIB_PERIOD_END,EXHIB_VENUE,EXHIB_ARTIST,EXHIB_ARTWORKS_CNT,EXHIB_ADMISSION,EXHIB_ORGANIZATION,EXHIB_THUMB_PATH) values (72,'2019 타이틀매치: 김홍석vs.서현석 <미완의 폐허>',to_date('2019/06/28','YYYY/MM/DD'),to_date('2019/09/15','YYYY/MM/DD'),'콜백뮤지엄','김홍석, 서현석','100여점','null','null','http://sema.seoul.go.kr/common/imageView?FILE_PATH=%2Fex%2FEXI01%2F2019%2F&FILE_NM=20190628182941_6c6acd7e0f6d4c56b67d13da6cb1f46c_fb676e9cddcb4264adbb44202369c556');
Insert into MUSEUM.MU_EXHIBITION (EXHIB_IDX,EXHIB_SUBJECT,EXHIB_PERIOD_START,EXHIB_PERIOD_END,EXHIB_VENUE,EXHIB_ARTIST,EXHIB_ARTWORKS_CNT,EXHIB_ADMISSION,EXHIB_ORGANIZATION,EXHIB_THUMB_PATH) values (73,'불안한 사물들',to_date('2019/06/26','YYYY/MM/DD'),to_date('2019/09/22','YYYY/MM/DD'),'콜백뮤지엄','권아람, 김경태, 이희준, 최고은, 허우중','21점','null','콜백뮤지엄','http://sema.seoul.go.kr/common/imageView?FILE_PATH=%2Fex%2FEXI01%2F2019%2F&FILE_NM=20190916092607_b9df89bb60e94a42b2cf55131a520880_3685eedab3cf4d74860f28ac2346195a');
Insert into MUSEUM.MU_EXHIBITION (EXHIB_IDX,EXHIB_SUBJECT,EXHIB_PERIOD_START,EXHIB_PERIOD_END,EXHIB_VENUE,EXHIB_ARTIST,EXHIB_ARTWORKS_CNT,EXHIB_ADMISSION,EXHIB_ORGANIZATION,EXHIB_THUMB_PATH) values (74,'안은미래 known future',to_date('2019/06/26','YYYY/MM/DD'),to_date('2019/09/29','YYYY/MM/DD'),'콜백뮤지엄','안은미\r\n\r\n전시협업 \r\n음악감독: 장영규\r\n조명감독: 장진영\r\n음향감독: 오영훈\r\n영상감독: 이진원\r\n작품 협업: 김동희, 픽건설, 라오미, 장성진, 윤관의상실, 곽기곤\r\n그래픽디자인: 조경규\r\n안은미컴퍼니 총괄: 박은지\r\n프로덕션 매니저: 박수지\r\n\r\n프로그램협업\r\n안은미컴퍼니, 이희문컴퍼니, 조성호, 박범태, 앰비규어스댄스컴퍼니, 미지행\r\n\r\n오프닝 퍼포먼스 출연\r\n소리 : 이희문 박범태 안이호 정은혜 윤석기 신승태 김희영\r\n안은미컴퍼니 : 남현우 김혜경 박시한 하지혜 김지연 김승해 고동훈\r\n풍물놀이 : 허무진 권우식 위연승 진승훈\r\nDJ : Bagagee Viphex13 \r\n스티커 그림 : 최중낙','19','null','콜백뮤지엄','http://sema.seoul.go.kr/common/imageView?FILE_PATH=%2Fex%2FEXI01%2F2019%2F&FILE_NM=20190903132149_d19629a8df3143e89e99d951e1d9bfdb_2785c6d1c147486895df290d5209e6cf');
Insert into MUSEUM.MU_EXHIBITION (EXHIB_IDX,EXHIB_SUBJECT,EXHIB_PERIOD_START,EXHIB_PERIOD_END,EXHIB_VENUE,EXHIB_ARTIST,EXHIB_ARTWORKS_CNT,EXHIB_ADMISSION,EXHIB_ORGANIZATION,EXHIB_THUMB_PATH) values (75,'[신진미술인 전시지원 프로그램] 플로어',to_date('2019/06/07','YYYY/MM/DD'),to_date('2019/06/26','YYYY/MM/DD'),'콜백뮤지엄','전명은','null','null','콜백뮤지엄','http://sema.seoul.go.kr/common/imageView?FILE_PATH=%2Fex%2FEXI01%2F2019%2F&FILE_NM=20190603143857_c03449d5c9ed48978ddb23eddeebecf7_629c72cdc19d4c04a11284ec28566de8');
Insert into MUSEUM.MU_EXHIBITION (EXHIB_IDX,EXHIB_SUBJECT,EXHIB_PERIOD_START,EXHIB_PERIOD_END,EXHIB_VENUE,EXHIB_ARTIST,EXHIB_ARTWORKS_CNT,EXHIB_ADMISSION,EXHIB_ORGANIZATION,EXHIB_THUMB_PATH) values (57,'고향',to_date('2019/11/27','YYYY/MM/DD'),to_date('2020/03/08','YYYY/MM/DD'),'콜백뮤지엄','라이드 이브라힘, 모나 하툼, 무니라 알 솔, 박민하, 아델 아비딘, 아메르 쇼말리, 아흘람 시블리, 와엘 샤키,  주마나 에밀 아부드, 김진주, 최원준, 하딤 알리, 하젬 하브, 조지 M. 알 아마 컬렉션, 할리드 쇼만 컬렉션 (다랏 알 푸눈), ACC 필름앤비디오 아카이브 컬렉션','59점','null','콜백뮤지엄','http://sema.seoul.go.kr/common/imageView?FILE_PATH=%2Fex%2FEXI01%2F2019%2F&FILE_NM=20191204164415_fcbfaa6c72914223b4be7b1d1ea16758_16d3981427174c87a5559cff5bc3d0a4');
Insert into MUSEUM.MU_EXHIBITION (EXHIB_IDX,EXHIB_SUBJECT,EXHIB_PERIOD_START,EXHIB_PERIOD_END,EXHIB_VENUE,EXHIB_ARTIST,EXHIB_ARTWORKS_CNT,EXHIB_ADMISSION,EXHIB_ORGANIZATION,EXHIB_THUMB_PATH) values (58,'모던 로즈',to_date('2019/10/15','YYYY/MM/DD'),to_date('2020/03/01','YYYY/MM/DD'),'콜백뮤지엄','고재욱, 곽이브, 금혜원, 김영글, 김익현, 이종건, 임흥순','22점','null','콜백뮤지엄','http://sema.seoul.go.kr/common/imageView?FILE_PATH=%2Fex%2FEXI01%2F2019%2F&FILE_NM=20191015104300_aa8d93bdc18040fab403ebb7aa88a97a_c98a621a6a404b529a3fab000c8f8918');
Insert into MUSEUM.MU_EXHIBITION (EXHIB_IDX,EXHIB_SUBJECT,EXHIB_PERIOD_START,EXHIB_PERIOD_END,EXHIB_VENUE,EXHIB_ARTIST,EXHIB_ARTWORKS_CNT,EXHIB_ADMISSION,EXHIB_ORGANIZATION,EXHIB_THUMB_PATH) values (52,'SeMA-카페+ 2020 주어진, 박현정',to_date('2020/01/13','YYYY/MM/DD'),to_date('2021/08/31','YYYY/MM/DD'),'콜백뮤지엄','박현정','1점','null','null','http://sema.seoul.go.kr/common/imageView?FILE_PATH=%2Fex%2FEXI01%2F2020%2F&FILE_NM=20200212111032_17d64024625b4adbb762f37ad58b16ba_1c3b680a1ff745c48ee8e54481aef81b');
Insert into MUSEUM.MU_EXHIBITION (EXHIB_IDX,EXHIB_SUBJECT,EXHIB_PERIOD_START,EXHIB_PERIOD_END,EXHIB_VENUE,EXHIB_ARTIST,EXHIB_ARTWORKS_CNT,EXHIB_ADMISSION,EXHIB_ORGANIZATION,EXHIB_THUMB_PATH) values (53,'[SeMA-프로젝트 S] 2019 같이 있고 싶다고',to_date('2020/01/01','YYYY/MM/DD'),to_date('2021/06/30','YYYY/MM/DD'),'콜백뮤지엄','이미래, 푸하하하프렌즈','1점','null','콜백뮤지엄 / 에르메스 코리아','http://sema.seoul.go.kr/common/imageView?FILE_PATH=%2Fex%2FEXI01%2F2020%2F&FILE_NM=20200203175118_4e4a3e8ec8cd4552ae2e1074bb2f9b94_b95a10d5650d44fba0a7a5611b2c958d');
Insert into MUSEUM.MU_EXHIBITION (EXHIB_IDX,EXHIB_SUBJECT,EXHIB_PERIOD_START,EXHIB_PERIOD_END,EXHIB_VENUE,EXHIB_ARTIST,EXHIB_ARTWORKS_CNT,EXHIB_ADMISSION,EXHIB_ORGANIZATION,EXHIB_THUMB_PATH) values (94,'2018 대외협력전시 <SeMA Collection: 머물다>',to_date('2018/08/13','YYYY/MM/DD'),to_date('2018/08/31','YYYY/MM/DD'),'갤러리관악','공성환, 박상혁, 송은영, 임춘희, 이귀영, 이석주, 이현호, 하이경','10','null','콜백뮤지엄, 갤러리관악','http://sema.seoul.go.kr/common/imageView?FILE_PATH=%2Fex%2FEXI01%2F2018%2F&FILE_NM=20180807134650_1c4e8002d8b94174a925e2cb4e91fc91_2eb4027559c443d69986d2c8c705333b');
Insert into MUSEUM.MU_EXHIBITION (EXHIB_IDX,EXHIB_SUBJECT,EXHIB_PERIOD_START,EXHIB_PERIOD_END,EXHIB_VENUE,EXHIB_ARTIST,EXHIB_ARTWORKS_CNT,EXHIB_ADMISSION,EXHIB_ORGANIZATION,EXHIB_THUMB_PATH) values (95,'2018 대외협력전시 <SeMA Collection: 당신이 드시는 것이 당신입니다(You are what you eat)>',to_date('2018/07/25','YYYY/MM/DD'),to_date('2018/08/24','YYYY/MM/DD'),'콜백뮤지엄','구민자, 김기라, 김병진, 김희정, 루 샤오팡, 박재웅, 배준성, 윤병락, 이광호, 이용학, 이종구, 이흠, 이흥재, 정정엽, 정창기, 정현목, 한운성','22점','null','콜백뮤지엄, 콜백뮤지엄','http://sema.seoul.go.kr/common/imageView?FILE_PATH=%2Fex%2FEXI01%2F2018%2F&FILE_NM=20180801143129_65b82f03acc54200a9de7ffbc82b9a42_e430cd1f034349c0a0295d8357de808c');
Insert into MUSEUM.MU_EXHIBITION (EXHIB_IDX,EXHIB_SUBJECT,EXHIB_PERIOD_START,EXHIB_PERIOD_END,EXHIB_VENUE,EXHIB_ARTIST,EXHIB_ARTWORKS_CNT,EXHIB_ADMISSION,EXHIB_ORGANIZATION,EXHIB_THUMB_PATH) values (96,'콜백뮤지엄 개관 5주년 기념전 <2018 타이틀 매치: 이형구 vs. 오민>',to_date('2018/07/24','YYYY/MM/DD'),to_date('2018/10/14','YYYY/MM/DD'),'콜백뮤지엄','이형구, 오민','null','null','콜백뮤지엄','http://sema.seoul.go.kr/common/imageView?FILE_PATH=%2Fex%2FEXI01%2F2018%2F&FILE_NM=20180830095207_e57a0ed1f3234bfea07ee46eb4c1ba6f_2efc17af983a4df1be0f457c2bf27635');
Insert into MUSEUM.MU_EXHIBITION (EXHIB_IDX,EXHIB_SUBJECT,EXHIB_PERIOD_START,EXHIB_PERIOD_END,EXHIB_VENUE,EXHIB_ARTIST,EXHIB_ARTWORKS_CNT,EXHIB_ADMISSION,EXHIB_ORGANIZATION,EXHIB_THUMB_PATH) values (97,'서울시 여성가족재단 SeMA 컬렉션 라운지 4호',to_date('2018/07/02','YYYY/MM/DD'),to_date('2019/07/02','YYYY/MM/DD'),'여성가족재단','백지순, 육명심, 윤정미, 주명덕','7점','null','콜백뮤지엄, 여성가족재단','http://sema.seoul.go.kr/common/imageView?FILE_PATH=%2Fex%2FEXI01%2F2018%2F&FILE_NM=20180802095952_4241dc80d9e44206995dcd3210b084e4_97ba50ffac60425b975b9b9cc8b73260');
Insert into MUSEUM.MU_EXHIBITION (EXHIB_IDX,EXHIB_SUBJECT,EXHIB_PERIOD_START,EXHIB_PERIOD_END,EXHIB_VENUE,EXHIB_ARTIST,EXHIB_ARTWORKS_CNT,EXHIB_ADMISSION,EXHIB_ORGANIZATION,EXHIB_THUMB_PATH) values (76,'[신진미술인 전시지원 프로그램] 사로잡힌 돌',to_date('2019/06/07','YYYY/MM/DD'),to_date('2019/06/26','YYYY/MM/DD'),'콜백뮤지엄','김영글','null','null','콜백뮤지엄','http://sema.seoul.go.kr/common/imageView?FILE_PATH=%2Fex%2FEXI01%2F2019%2F&FILE_NM=20190603145900_846d40efcab4406eba864f04a00cc160_70af04c353c94768b292e4b86ba178db');
Insert into MUSEUM.MU_EXHIBITION (EXHIB_IDX,EXHIB_SUBJECT,EXHIB_PERIOD_START,EXHIB_PERIOD_END,EXHIB_VENUE,EXHIB_ARTIST,EXHIB_ARTWORKS_CNT,EXHIB_ADMISSION,EXHIB_ORGANIZATION,EXHIB_THUMB_PATH) values (77,'[신진미술인 전시지원 프로그램] 다리의 감정',to_date('2019/05/10','YYYY/MM/DD'),to_date('2019/05/29','YYYY/MM/DD'),'콜백뮤지엄','신이피','null','null','콜백뮤지엄','http://sema.seoul.go.kr/common/imageView?FILE_PATH=%2Fex%2FEXI01%2F2019%2F&FILE_NM=20190503153802_faff9c1747a343ecbe28ed86bda9019d_b3b4d46a34e64fbfaf4a98f900de03bc');
Insert into MUSEUM.MU_EXHIBITION (EXHIB_IDX,EXHIB_SUBJECT,EXHIB_PERIOD_START,EXHIB_PERIOD_END,EXHIB_VENUE,EXHIB_ARTIST,EXHIB_ARTWORKS_CNT,EXHIB_ADMISSION,EXHIB_ORGANIZATION,EXHIB_THUMB_PATH) values (78,'2018 SeMA 신소장품 《멀티-액세스 4913》',to_date('2019/04/16','YYYY/MM/DD'),to_date('2019/06/02','YYYY/MM/DD'),'콜백뮤지엄','고낙범, 서승원, 안창홍, 이승조, 임동식, 최민화 등 총 95명','102점','null','콜백뮤지엄','http://sema.seoul.go.kr/common/imageView?FILE_PATH=%2Fex%2FEXI01%2F2019%2F&FILE_NM=20190424171112_b3784dcd1c264233a02bec53890ea180_0570e567991e4556b97c700148c01ca0');
Insert into MUSEUM.MU_EXHIBITION (EXHIB_IDX,EXHIB_SUBJECT,EXHIB_PERIOD_START,EXHIB_PERIOD_END,EXHIB_VENUE,EXHIB_ARTIST,EXHIB_ARTWORKS_CNT,EXHIB_ADMISSION,EXHIB_ORGANIZATION,EXHIB_THUMB_PATH) values (79,'소프트 카오스: 공간 상상',to_date('2019/03/26','YYYY/MM/DD'),to_date('2019/09/22','YYYY/MM/DD'),'콜백뮤지엄','유현미','6여점','null','콜백뮤지엄','http://sema.seoul.go.kr/common/imageView?FILE_PATH=%2Fex%2FEXI01%2F2019%2F&FILE_NM=20190405161233_c49895ae10d8400391734a643d9fb6a5_8070aacbbf514ace9eeb04bc34366b93');
Insert into MUSEUM.MU_EXHIBITION (EXHIB_IDX,EXHIB_SUBJECT,EXHIB_PERIOD_START,EXHIB_PERIOD_END,EXHIB_VENUE,EXHIB_ARTIST,EXHIB_ARTWORKS_CNT,EXHIB_ADMISSION,EXHIB_ORGANIZATION,EXHIB_THUMB_PATH) values (80,'데이비드 호크니',to_date('2019/03/22','YYYY/MM/DD'),to_date('2019/08/04','YYYY/MM/DD'),'콜백뮤지엄','David Hockney','133','전시예매 : 1899-0042 / 멜론티켓 ticket.melon.com','주최 콜백뮤지엄, 영국 테이트미술관 | 주관 ㈜시월 | 후원 영국문화원 | 협찬 카카오페이, 서울교통공사','http://sema.seoul.go.kr/common/imageView?FILE_PATH=%2Fex%2FEXI01%2F2019%2F&FILE_NM=20190227103508_0d969361e45d4b6b9ebfa6d86568dec4_76e7d0320930404e98af0ccda8b552b0');
Insert into MUSEUM.MU_EXHIBITION (EXHIB_IDX,EXHIB_SUBJECT,EXHIB_PERIOD_START,EXHIB_PERIOD_END,EXHIB_VENUE,EXHIB_ARTIST,EXHIB_ARTWORKS_CNT,EXHIB_ADMISSION,EXHIB_ORGANIZATION,EXHIB_THUMB_PATH) values (81,'WEB-RETRO',to_date('2019/03/12','YYYY/MM/DD'),to_date('2019/06/09','YYYY/MM/DD'),'콜백뮤지엄','김범, 노재운, 로스트라웁(Rostlaub), 마이클 맨디버그(Michael Mandiberg), 목진요, 뮌(Mioon), 설은아, 아이/오/디(I/O/D), 양아치, 엠티에이에이(MTAA), 정성윤, 조디(jodi.org), 타쿠지 코고(Takuji Kogo)','15점','null','주최: 서울시립 콜백뮤지엄, 공동기획: 서울시립 콜백뮤지엄&앨리스온(AliceOn)','http://sema.seoul.go.kr/common/imageView?FILE_PATH=%2Fex%2FEXI01%2F2019%2F&FILE_NM=20190312094450_7a1150a04ff14f15ad4c1156a78bddf4_75cdbf38dd45496d82479494d6e0cd8a');
Insert into MUSEUM.MU_EXHIBITION (EXHIB_IDX,EXHIB_SUBJECT,EXHIB_PERIOD_START,EXHIB_PERIOD_END,EXHIB_VENUE,EXHIB_ARTIST,EXHIB_ARTWORKS_CNT,EXHIB_ADMISSION,EXHIB_ORGANIZATION,EXHIB_THUMB_PATH) values (82,'2019 대외협력전시 <SeMA Collection: 이야기가 있는 그림>',to_date('2019/03/05','YYYY/MM/DD'),to_date('2019/03/30','YYYY/MM/DD'),'콜백뮤지엄','A.R. 펭크, 김기라, 김병진, 김영호, 김태헌, 이용백, 이이남, 정소연, 정은정, 황주리','12','null','null','http://sema.seoul.go.kr/common/imageView?FILE_PATH=%2Fex%2FEXI01%2F2019%2F&FILE_NM=20191011145534_497c24352c0046ca9336d2772de0d7e3_db10dc4955ea4ac3ba0c3df27a7f536b');
Insert into MUSEUM.MU_EXHIBITION (EXHIB_IDX,EXHIB_SUBJECT,EXHIB_PERIOD_START,EXHIB_PERIOD_END,EXHIB_VENUE,EXHIB_ARTIST,EXHIB_ARTWORKS_CNT,EXHIB_ADMISSION,EXHIB_ORGANIZATION,EXHIB_THUMB_PATH) values (83,'모두를 위한 세계',to_date('2019/03/01','YYYY/MM/DD'),to_date('2019/05/26','YYYY/MM/DD'),'콜백뮤지엄','아흐멧 우트, 야오 루이중, 윌리엄 켄트리지, 응우옌 트린티, 제인 진 카이젠, 히카루 후지이','10여점','null','콜백뮤지엄, 우리은행, 3.1운동 100주년 서울시기녑사업','http://sema.seoul.go.kr/common/imageView?FILE_PATH=%2Fex%2FEXI01%2F2019%2F&FILE_NM=20190305194135_7b9f28fa3a5c46be8768a5585876b204_afa44006ab0841a5a884b9c31d7b904f');
Insert into MUSEUM.MU_EXHIBITION (EXHIB_IDX,EXHIB_SUBJECT,EXHIB_PERIOD_START,EXHIB_PERIOD_END,EXHIB_VENUE,EXHIB_ARTIST,EXHIB_ARTWORKS_CNT,EXHIB_ADMISSION,EXHIB_ORGANIZATION,EXHIB_THUMB_PATH) values (84,'2019 서울 포커스 <두 번의 똑같은 밤은 없다>',to_date('2019/02/26','YYYY/MM/DD'),to_date('2019/06/09','YYYY/MM/DD'),'콜백뮤지엄','김명진 × 김지영, 리혁종, 매거진 쓸, 아워레이보, 엄아롱, 여운혜, 염지혜, 우한나, 이미혜, 일상의실천, 재주도 좋아, 정수정, 져스트 프로젝트 × 리슨투더시티, 황새둥지','40여 점','null','null','http://sema.seoul.go.kr/common/imageView?FILE_PATH=%2Fex%2FEXI01%2F2019%2F&FILE_NM=20190313175159_2ec62254ba914e91b61901eb5387fb01_bcb70af95bac4f8f82d5b810dfbbd092');
Insert into MUSEUM.MU_EXHIBITION (EXHIB_IDX,EXHIB_SUBJECT,EXHIB_PERIOD_START,EXHIB_PERIOD_END,EXHIB_VENUE,EXHIB_ARTIST,EXHIB_ARTWORKS_CNT,EXHIB_ADMISSION,EXHIB_ORGANIZATION,EXHIB_THUMB_PATH) values (85,'두 개의 기둥과 일곱 개의 글자',to_date('2018/12/13','YYYY/MM/DD'),to_date('2019/02/06','YYYY/MM/DD'),'콜백뮤지엄','파비오 라탄치 안티노리, 추미림','2','null','콜백뮤지엄, 이탈리아문화원','http://sema.seoul.go.kr/common/imageView?FILE_PATH=%2Fex%2FEXI01%2F2018%2F&FILE_NM=20181213091240_006d3cbfb26c423ea4e45f53869f57d5_c5da61f523c64d2db63ebba622125d63');
Insert into MUSEUM.MU_EXHIBITION (EXHIB_IDX,EXHIB_SUBJECT,EXHIB_PERIOD_START,EXHIB_PERIOD_END,EXHIB_VENUE,EXHIB_ARTIST,EXHIB_ARTWORKS_CNT,EXHIB_ADMISSION,EXHIB_ORGANIZATION,EXHIB_THUMB_PATH) values (86,'이스트빌리지 뉴욕: 취약하고 극단적인',to_date('2018/12/13','YYYY/MM/DD'),to_date('2019/02/24','YYYY/MM/DD'),'콜백뮤지엄','26명(팀)','75점','null','주최: 콜백뮤지엄 / 공동주관: 콜백뮤지엄, (주)웨이브아이 / 후원: 하나은행','http://sema.seoul.go.kr/common/imageView?FILE_PATH=%2Fex%2FEXI01%2F2019%2F&FILE_NM=20190104125348_047bfaf06de44b2d9ab02c94043d5ad2_13c423e135374c5c8c2650f928a46edc');
Insert into MUSEUM.MU_EXHIBITION (EXHIB_IDX,EXHIB_SUBJECT,EXHIB_PERIOD_START,EXHIB_PERIOD_END,EXHIB_VENUE,EXHIB_ARTIST,EXHIB_ARTWORKS_CNT,EXHIB_ADMISSION,EXHIB_ORGANIZATION,EXHIB_THUMB_PATH) values (87,'확장된 매뉴얼',to_date('2018/12/11','YYYY/MM/DD'),to_date('2019/02/17','YYYY/MM/DD'),'콜백뮤지엄','강서경, 김민애, 이은우, 정소영','10점','null','콜백뮤지엄','http://sema.seoul.go.kr/common/imageView?FILE_PATH=%2Fex%2FEXI01%2F2019%2F&FILE_NM=20190207131256_651f43526a884645b2f22b05e10d3287_7e27b177a01f46749ed97cba54dc91bd');
Insert into MUSEUM.MU_EXHIBITION (EXHIB_IDX,EXHIB_SUBJECT,EXHIB_PERIOD_START,EXHIB_PERIOD_END,EXHIB_VENUE,EXHIB_ARTIST,EXHIB_ARTWORKS_CNT,EXHIB_ADMISSION,EXHIB_ORGANIZATION,EXHIB_THUMB_PATH) values (88,'한묵: 또 하나의 시(詩)질서를 위하여',to_date('2018/12/11','YYYY/MM/DD'),to_date('2019/03/24','YYYY/MM/DD'),'콜백뮤지엄','한묵','130여점','null','콜백뮤지엄','http://sema.seoul.go.kr/common/imageView?FILE_PATH=%2Fex%2FEXI01%2F2018%2F&FILE_NM=20181213091418_f647d13107dd4bac818c038bda25a414_a46ef63ec36948c1aa8ef4bff9e60794');
Insert into MUSEUM.MU_EXHIBITION (EXHIB_IDX,EXHIB_SUBJECT,EXHIB_PERIOD_START,EXHIB_PERIOD_END,EXHIB_VENUE,EXHIB_ARTIST,EXHIB_ARTWORKS_CNT,EXHIB_ADMISSION,EXHIB_ORGANIZATION,EXHIB_THUMB_PATH) values (89,'2018 서울사진축제 <멋진 신세계>',to_date('2018/11/01','YYYY/MM/DD'),to_date('2019/02/10','YYYY/MM/DD'),'콜백뮤지엄','콜백뮤지엄 \r\n김명수, 노순택, 백승우, 박선민, 박진영, 윤향로, 한성필, 김경태(EH), 코바야시 켄타, 고 이타미, 하타케야마 나오야, 가와우치 링코, 코야마 다이스케, 미즈타니 요시노리, 요시다 카즈오, 장커춘, 키트라 카하나, 알레한드로 카르타헤냐, 세실 에반스\r\n플랫폼창동61 : 압축과 팽창 (안초롱, 김주원), 이성민x권영찬','74','null','주최: 콜백뮤지엄, 후원: 동북4구 도시재생 협력지원센터, 아트나인, 협력: 서울주택도시공사. 플랫폼창동61','http://sema.seoul.go.kr/common/imageView?FILE_PATH=%2Fex%2FEXI01%2F2018%2F&FILE_NM=20181105131644_99a78aa5294541d28732ec6a738c1ad3_ca7a6ac378ea4e4bb3f2b594e3dbb2e8');
Insert into MUSEUM.MU_EXHIBITION (EXHIB_IDX,EXHIB_SUBJECT,EXHIB_PERIOD_START,EXHIB_PERIOD_END,EXHIB_VENUE,EXHIB_ARTIST,EXHIB_ARTWORKS_CNT,EXHIB_ADMISSION,EXHIB_ORGANIZATION,EXHIB_THUMB_PATH) values (90,'뉴스, 리플리에게',to_date('2018/10/30','YYYY/MM/DD'),to_date('2019/02/24','YYYY/MM/DD'),'콜백뮤지엄','김가람, 박경진, 손여울, 스코픽, 업체eobchae x 류성실, 이다은, 이미혜, 이주원, 조영각, 지용일, 치명타, 포렌식 아키텍쳐','14점','null','null','http://sema.seoul.go.kr/common/imageView?FILE_PATH=%2Fex%2FEXI01%2F2018%2F&FILE_NM=20181102154549_e5cf23c5b0d14f30987fa44ffeea65bd_a9dbb0219c0e44139ebd2567d3b99ae5');
Insert into MUSEUM.MU_EXHIBITION (EXHIB_IDX,EXHIB_SUBJECT,EXHIB_PERIOD_START,EXHIB_PERIOD_END,EXHIB_VENUE,EXHIB_ARTIST,EXHIB_ARTWORKS_CNT,EXHIB_ADMISSION,EXHIB_ORGANIZATION,EXHIB_THUMB_PATH) values (91,'2018 SeMA 예술가 길드: 만랩(萬Lab)',to_date('2018/10/19','YYYY/MM/DD'),to_date('2018/11/16','YYYY/MM/DD'),'콜백뮤지엄','곰 디자인, 괄호, 부업들/buup, 소쇼룸, 아워레이보, 제로랩, 화이트테이블 예술인 협동조합','null','null','콜백뮤지엄','http://sema.seoul.go.kr/common/imageView?FILE_PATH=%2Fex%2FEXI01%2F2018%2F&FILE_NM=20181105132155_a5d943cab9824a67ab34ffd1912c83ba_e13910e8341e4379a8f686561dc9ac8f');
Insert into MUSEUM.MU_EXHIBITION (EXHIB_IDX,EXHIB_SUBJECT,EXHIB_PERIOD_START,EXHIB_PERIOD_END,EXHIB_VENUE,EXHIB_ARTIST,EXHIB_ARTWORKS_CNT,EXHIB_ADMISSION,EXHIB_ORGANIZATION,EXHIB_THUMB_PATH) values (92,'서울미디어시티비엔날레 2018 <좋은 삶>',to_date('2018/09/06','YYYY/MM/DD'),to_date('2018/11/18','YYYY/MM/DD'),'콜백뮤지엄','고연옥 & 잣 프로젝트, 구민자, 김월식+무늬만 커뮤니티, 김현탁, 노경애, 보물섬 콜렉티브(김동찬, 민성홍, 송민규, 최진요, 하석준, 황경현), 언매핑 유라시아, 은정태, 이그니토, 이소영, 정기현, 허윤경, 권병준, kook+, 디륵 플라이쉬만, 미팅룸, 신도시, 씨위드, 정재철, 장애여성공감 극단 <춤추는허리>, 크리티컬 아트 앙상블, 팩토리 콜렉티브, 두샨 바록과 모노스콥, 디스플레이 디스트리뷰트 (쿤치, 리드인 공동 편집), 류한길, 리슨투더시티, 안건형, 윤원화, 윤지원, 인민의 아카이브, 최하늘, 그린피스 동아시아 서울사무소, 민세희, 데이비드 하, 로렌 맥카시, 루바 엘리엇, 오스카 샤프 & 로스 구드윈, 마리오 클링게만, 마이크 타이카, 모두의 연구소 (김승일), 스캇 켈리 & 벤 폴킹호른, 신승백 김용훈, 정지훈, 진 코건, 최승준, 배남우, 댄 첸, 샘 라빈, 스털링 크리스핀, 아담 하비, 아람 바톨, 나자 부텐도르프, 에드 브라운, 에디 바겐넥트, 에바/프랑코 마테스, 엘리사 지아디나 파파, 제레미 베일리, 최성일·리케 글라저, 프로젝트 코버, 애드버스터즈 미디어 재단, 탁영환・이경남, 000간, 김상돈, 믹스라이스, 박형준, 케이트 라워스, 미셸 보웬스, 리처드 윌킨슨, 복지국가청년네트워크·무중력지대 양천, 양아치','null','null','주최·주관: 콜백뮤지엄 / 협력: 「서울은 미술관」 서울로미디어캔버스 / 후원: 하나금융지주, 주한 네덜란드 대사관, 주한 뉴질랜드 대사관, 주한독일문화원, 주한 이탈리아 문화원, (주)SH에너지화학, 주한 브라질 대사관, 한겨레경제사회연구원, 도서출판 학고재, 네덜란드창조산업기금, 홍콩특별행정구 민정사무국 예술발전기금 / 협찬: 신라스테이 주식회사, 두성종이, 이탈리아 관광청, 우피아, 푹디자인 / 미디어파트너: My Art Guides','http://sema.seoul.go.kr/common/imageView?FILE_PATH=%2Fex%2FEXI01%2F2018%2F&FILE_NM=20180907095102_9c25c710aedd4239ba46dd424755de81_250692e5b13f4d6185a5f83661364eb9');
Insert into MUSEUM.MU_EXHIBITION (EXHIB_IDX,EXHIB_SUBJECT,EXHIB_PERIOD_START,EXHIB_PERIOD_END,EXHIB_VENUE,EXHIB_ARTIST,EXHIB_ARTWORKS_CNT,EXHIB_ADMISSION,EXHIB_ORGANIZATION,EXHIB_THUMB_PATH) values (93,'휘어진 공간 속으로',to_date('2018/09/04','YYYY/MM/DD'),to_date('2019/03/10','YYYY/MM/DD'),'콜백뮤지엄','김주현','대형 조각설치 5점 외 드로잉','null','콜백뮤지엄','http://sema.seoul.go.kr/common/imageView?FILE_PATH=%2Fex%2FEXI01%2F2018%2F&FILE_NM=20180904113550_f164fca55795448d8adeeb156e15c53f_31f228082bb24811be3d8f567e72ee49');
Insert into MUSEUM.MU_EXHIBITION (EXHIB_IDX,EXHIB_SUBJECT,EXHIB_PERIOD_START,EXHIB_PERIOD_END,EXHIB_VENUE,EXHIB_ARTIST,EXHIB_ARTWORKS_CNT,EXHIB_ADMISSION,EXHIB_ORGANIZATION,EXHIB_THUMB_PATH) values (101,'SeMA 개관30주년 기념전 <디지털 프롬나드>',to_date('2018/06/12','YYYY/MM/DD'),to_date('2018/08/15','YYYY/MM/DD'),'콜백뮤지엄','(소장품 30명)  구동희, 김수자, 김원숙, 김종학, 김창열, 김환기, 김호득 노상균, 박노수, 박서보, 박생광, 배영환, 석철주, 성능경, 유근택, 유영국, 이대원, 이불, 이성자, 이숙자, 이세현, 이흥덕, 임옥상, 장욱진, 정서영, 천경자, 최욱경, 최영림, 황인기, 황창배\r\n\r\n(뉴커미션 10명) Sasa[44], 권하윤, 김웅용, 박기진, 배윤환, 이예승, 일상의실천,  조영각, 조익정, 최수정','40','null','콜백뮤지엄, 한국콘텐츠진흥원','http://sema.seoul.go.kr/common/imageView?FILE_PATH=%2Fex%2FEXI01%2F2018%2F&FILE_NM=20180611181232_8546218557a2467d99c6540d4fce687e_4c0db4c9f94c474ebaf2823543cf085c');
Insert into MUSEUM.MU_EXHIBITION (EXHIB_IDX,EXHIB_SUBJECT,EXHIB_PERIOD_START,EXHIB_PERIOD_END,EXHIB_VENUE,EXHIB_ARTIST,EXHIB_ARTWORKS_CNT,EXHIB_ADMISSION,EXHIB_ORGANIZATION,EXHIB_THUMB_PATH) values (102,'날씨의 맛',to_date('2018/06/12','YYYY/MM/DD'),to_date('2018/09/30','YYYY/MM/DD'),'콜백뮤지엄','김윤수, 김형중, 바이런 킴, 박여주, 백정기, 성유삼, 이소요, 임영주, 정만영, 정화용','null','null','null','http://sema.seoul.go.kr/common/imageView?FILE_PATH=%2Fex%2FEXI01%2F2018%2F&FILE_NM=20180905105757_3c42bc31f1d442e5bbd415013e6d9f2a_36a0848a4b2844f3a47dc4032ba64068');
Insert into MUSEUM.MU_EXHIBITION (EXHIB_IDX,EXHIB_SUBJECT,EXHIB_PERIOD_START,EXHIB_PERIOD_END,EXHIB_VENUE,EXHIB_ARTIST,EXHIB_ARTWORKS_CNT,EXHIB_ADMISSION,EXHIB_ORGANIZATION,EXHIB_THUMB_PATH) values (103,'서울시 tbs교통방송 SeMA 컬렉션 라운지 5호',to_date('2018/05/17','YYYY/MM/DD'),to_date('2019/11/10','YYYY/MM/DD'),'tbs교통방송 에스플렉스센터','김민호, 이득영, 주명덕','35점','null','콜백뮤지엄, tbs교통방송','http://sema.seoul.go.kr/common/imageView?FILE_PATH=%2Fex%2FEXI01%2F2018%2F&FILE_NM=20180802092832_ba3edca6118545c0b0fb162d6dd2072d_835799d23b1f445eaa5afc5391b143b0');
Insert into MUSEUM.MU_EXHIBITION (EXHIB_IDX,EXHIB_SUBJECT,EXHIB_PERIOD_START,EXHIB_PERIOD_END,EXHIB_VENUE,EXHIB_ARTIST,EXHIB_ARTWORKS_CNT,EXHIB_ADMISSION,EXHIB_ORGANIZATION,EXHIB_THUMB_PATH) values (104,'2018 서울 포커스 《행동을 위한 디자인》',to_date('2018/05/15','YYYY/MM/DD'),to_date('2018/09/30','YYYY/MM/DD'),'콜백뮤지엄','(제작•설치) 포스트 스탠다즈, 오혜진+ IWMW, 이은선, 이상원, 개미그래픽스, 삼육대학교 ASTRI STMHTL 연구회 (도큐멘테이션) 박길종, 박진우, 스톤김, 차재','약 10여점','null','null','http://sema.seoul.go.kr/common/imageView?FILE_PATH=%2Fex%2FEXI01%2F2018%2F&FILE_NM=20180712113140_8009573cb1f74dffb78329ce901f2871_f1ccc22250554fe18331128df8728310');
Insert into MUSEUM.MU_EXHIBITION (EXHIB_IDX,EXHIB_SUBJECT,EXHIB_PERIOD_START,EXHIB_PERIOD_END,EXHIB_VENUE,EXHIB_ARTIST,EXHIB_ARTWORKS_CNT,EXHIB_ADMISSION,EXHIB_ORGANIZATION,EXHIB_THUMB_PATH) values (105,'역사갤러리 특별전 <거울 없는 방 >',to_date('2018/05/03','YYYY/MM/DD'),to_date('2018/07/01','YYYY/MM/DD'),'콜백뮤지엄','손광주','1','null','콜백뮤지엄','http://sema.seoul.go.kr/common/imageView?FILE_PATH=%2Fex%2FEXI01%2F2018%2F&FILE_NM=20180515004138_2118cf57c45f44788096643cbbf981f6_66f4139378e5483c9b776d69461c002d');
Insert into MUSEUM.MU_EXHIBITION (EXHIB_IDX,EXHIB_SUBJECT,EXHIB_PERIOD_START,EXHIB_PERIOD_END,EXHIB_VENUE,EXHIB_ARTIST,EXHIB_ARTWORKS_CNT,EXHIB_ADMISSION,EXHIB_ORGANIZATION,EXHIB_THUMB_PATH) values (106,'관객행동요령',to_date('2018/05/03','YYYY/MM/DD'),to_date('2018/07/01','YYYY/MM/DD'),'콜백뮤지엄','김천수, 아오노 후미아키, 윤지영, 에피 앤 아미르, 쑨 쉰, 카데르 아티아, 크리스 쉔, 표민홍','26점','무료','콜백뮤지엄','http://sema.seoul.go.kr/common/imageView?FILE_PATH=%2Fex%2FEXI01%2F2018%2F&FILE_NM=20180508203633_186cc4a8e69347d09df07ec94ac25b51_517a98f54037442c94c1cad8c7146ec7');
Insert into MUSEUM.MU_EXHIBITION (EXHIB_IDX,EXHIB_SUBJECT,EXHIB_PERIOD_START,EXHIB_PERIOD_END,EXHIB_VENUE,EXHIB_ARTIST,EXHIB_ARTWORKS_CNT,EXHIB_ADMISSION,EXHIB_ORGANIZATION,EXHIB_THUMB_PATH) values (107,'가나아트 컬렉션 상설전 <시대유감 時代遺憾>',to_date('2018/04/24','YYYY/MM/DD'),to_date('2020/03/08','YYYY/MM/DD'),'콜백뮤지엄','김봉준 김용태 김정헌 박인경 박흥순 송창 신학철 안보선 안창홍 오윤 이응노 이종구 임옥상 황재형 홍성담','32점','무료','콜백뮤지엄','http://sema.seoul.go.kr/common/imageView?FILE_PATH=%2Fex%2FEXI01%2F2018%2F&FILE_NM=20181019134417_08aefd6fa8f944968b9d9189bddea8b9_03d0643bc4b745a1b387d2f202b0e2e3');
Insert into MUSEUM.MU_EXHIBITION (EXHIB_IDX,EXHIB_SUBJECT,EXHIB_PERIOD_START,EXHIB_PERIOD_END,EXHIB_VENUE,EXHIB_ARTIST,EXHIB_ARTWORKS_CNT,EXHIB_ADMISSION,EXHIB_ORGANIZATION,EXHIB_THUMB_PATH) values (110,'씨실과 날실로',to_date('2018/04/17','YYYY/MM/DD'),to_date('2018/06/03','YYYY/MM/DD'),'콜백뮤지엄','고산금, 000간&#40;공공공간&#41;, 권용주, 권혁, 김혜란, 오화진, 이웃상회, 서해영, 신유라, 장민승, 전소정, 직조생활, 차승언, 홍영인','40여점','무료','콜백뮤지엄','http://sema.seoul.go.kr/common/imageView?FILE_PATH=%2Fex%2FEXI01%2F2018%2F&FILE_NM=20180505161620_e3edaa7ac49a491c849f07e6af947cc2_0e0739a927224e6a8a12d91242d4137f');
Insert into MUSEUM.MU_EXHIBITION (EXHIB_IDX,EXHIB_SUBJECT,EXHIB_PERIOD_START,EXHIB_PERIOD_END,EXHIB_VENUE,EXHIB_ARTIST,EXHIB_ARTWORKS_CNT,EXHIB_ADMISSION,EXHIB_ORGANIZATION,EXHIB_THUMB_PATH) values (111,'IN_D_EX : 인덱스',to_date('2018/04/17','YYYY/MM/DD'),to_date('2018/06/10','YYYY/MM/DD'),'콜백뮤지엄','기슬기, 김민경, 김주현, 김혜나, 방명주, 애나한, 엄유정, 윤향로, 이미정, 임소담, 황아람&#40;협력기획&#41;','49점','무료','콜백뮤지엄','http://sema.seoul.go.kr/common/imageView?FILE_PATH=%2Fex%2FEXI01%2F2018%2F&FILE_NM=20180508203503_baed79e7c22e4467a36d023dbd089bf8_781f990f9eb74b70a44ca862860b501c');
Insert into MUSEUM.MU_EXHIBITION (EXHIB_IDX,EXHIB_SUBJECT,EXHIB_PERIOD_START,EXHIB_PERIOD_END,EXHIB_VENUE,EXHIB_ARTIST,EXHIB_ARTWORKS_CNT,EXHIB_ADMISSION,EXHIB_ORGANIZATION,EXHIB_THUMB_PATH) values (112,'유령팔',to_date('2018/04/03','YYYY/MM/DD'),to_date('2018/07/08','YYYY/MM/DD'),'콜백뮤지엄','강정석, 김동희, 김정태, 람한, 박아람, 압축과 팽창','null','무료','콜백뮤지엄','http://sema.seoul.go.kr/common/imageView?FILE_PATH=%2Fex%2FEXI01%2F2018%2F&FILE_NM=20180505171421_82a306db120a48b19e81929f88e682a9_8e6589516e284a4a9fa5987d142d7de6');
Insert into MUSEUM.MU_EXHIBITION (EXHIB_IDX,EXHIB_SUBJECT,EXHIB_PERIOD_START,EXHIB_PERIOD_END,EXHIB_VENUE,EXHIB_ARTIST,EXHIB_ARTWORKS_CNT,EXHIB_ADMISSION,EXHIB_ORGANIZATION,EXHIB_THUMB_PATH) values (113,'SeMA 소장작품 기획전 <잃어버린 세계>',to_date('2018/03/27','YYYY/MM/DD'),to_date('2018/07/01','YYYY/MM/DD'),'콜백뮤지엄','이우환, 박서보, 하종현, 윤석남, 최욱경등 23명','39점','무료','null','http://sema.seoul.go.kr/common/imageView?FILE_PATH=%2Fex%2FEXI01%2F2018%2F&FILE_NM=20180505180939_9cea2f8f54414ea5a58700bb2062fc59_48283d19dae341c687121005d8592e95');
Insert into MUSEUM.MU_EXHIBITION (EXHIB_IDX,EXHIB_SUBJECT,EXHIB_PERIOD_START,EXHIB_PERIOD_END,EXHIB_VENUE,EXHIB_ARTIST,EXHIB_ARTWORKS_CNT,EXHIB_ADMISSION,EXHIB_ORGANIZATION,EXHIB_THUMB_PATH) values (108,'2018 난지미술창작스튜디오 12기 오픈스튜디오',to_date('2018/04/20','YYYY/MM/DD'),to_date('2018/04/21','YYYY/MM/DD'),'난지미술창작스튜디오','김시하, 박경률, 박경진, 박은태, 손광주, 손선경, 안민욱, 애나한, 염지희, 유성훈, 윤병운, 이병찬, 이은정, 정고요나, 정재연, 조경재, 조은지, 조주리, 최현석','null','무료','콜백뮤지엄','http://sema.seoul.go.kr/common/imageView?FILE_PATH=%2Fdata%2Fdisplay%2F&FILE_NM=20190114192850_3decf81dd4c344f3aed209283e8ea004_b2cafd1358a847de8e40f217830e2864');
Insert into MUSEUM.MU_EXHIBITION (EXHIB_IDX,EXHIB_SUBJECT,EXHIB_PERIOD_START,EXHIB_PERIOD_END,EXHIB_VENUE,EXHIB_ARTIST,EXHIB_ARTWORKS_CNT,EXHIB_ADMISSION,EXHIB_ORGANIZATION,EXHIB_THUMB_PATH) values (109,'2017 SeMA 신소장품 <하늘 땅 사람들>',to_date('2018/04/17','YYYY/MM/DD'),to_date('2018/05/20','YYYY/MM/DD'),'콜백뮤지엄','고낙범, 김민애, 김상돈, 김아영, 김아타, 김정헌, 김지평, 노원희, 노재운, 민영순, 박경근, 백승우, 양아치, 염지혜, 오경화, 옥인 콜렉티브, 이명복, 이은우, 정희승 외 38명','70여점','무료','콜백뮤지엄','http://sema.seoul.go.kr/common/imageView?FILE_PATH=%2Fex%2FEXI01%2F2018%2F&FILE_NM=20180731110457_fe933e508ed64a79aa8399ed58b5bade_794c72d07fcd49ff8d56298b042f48c3');
Insert into MUSEUM.MU_EXHIBITION (EXHIB_IDX,EXHIB_SUBJECT,EXHIB_PERIOD_START,EXHIB_PERIOD_END,EXHIB_VENUE,EXHIB_ARTIST,EXHIB_ARTWORKS_CNT,EXHIB_ADMISSION,EXHIB_ORGANIZATION,EXHIB_THUMB_PATH) values (98,'주고받는 모서리_오종의 공간프로젝트',to_date('2018/06/29','YYYY/MM/DD'),to_date('2018/08/15','YYYY/MM/DD'),'콜백뮤지엄','오종','<방 드로잉 (눈금) #1>_나무, 아크릴판, 쇠막대, 실, 추, 돌, 낚싯줄, 연필선, 물감_가변크기_2018','null','콜백뮤지엄','http://sema.seoul.go.kr/common/imageView?FILE_PATH=%2Fex%2FEXI01%2F2018%2F&FILE_NM=20180625193313_57881fb5276d4c89b1a806e0797018e2_79bdba231d0b445bbdc8ed9eb25163b7');
Insert into MUSEUM.MU_EXHIBITION (EXHIB_IDX,EXHIB_SUBJECT,EXHIB_PERIOD_START,EXHIB_PERIOD_END,EXHIB_VENUE,EXHIB_ARTIST,EXHIB_ARTWORKS_CNT,EXHIB_ADMISSION,EXHIB_ORGANIZATION,EXHIB_THUMB_PATH) values (99,'보이스리스 - 일곱 바다를 비추는 별',to_date('2018/06/26','YYYY/MM/DD'),to_date('2018/08/15','YYYY/MM/DD'),'콜백뮤지엄','송상희, 에르칸 오즈겐, 임흥순, 장서영, 조은지, 홍순명, 히와 케이','33','null','콜백뮤지엄','http://sema.seoul.go.kr/common/imageView?FILE_PATH=%2Fex%2FEXI01%2F2018%2F&FILE_NM=20180626124419_8ea8d2eae5ad4ead81c467f6c8cd5fd2_f67caf41b99f4bca89d635aebd7ed64e');
Insert into MUSEUM.MU_EXHIBITION (EXHIB_IDX,EXHIB_SUBJECT,EXHIB_PERIOD_START,EXHIB_PERIOD_END,EXHIB_VENUE,EXHIB_ARTIST,EXHIB_ARTWORKS_CNT,EXHIB_ADMISSION,EXHIB_ORGANIZATION,EXHIB_THUMB_PATH) values (100,'서울시청 신청사 SeMA 컬렉션 라운지 2호',to_date('2018/06/26','YYYY/MM/DD'),to_date('2019/06/24','YYYY/MM/DD'),'서울시청 신청사','김봄, 이경, 홍승혜','6점','null','콜백뮤지엄, 서울시청','http://sema.seoul.go.kr/common/imageView?FILE_PATH=%2Fex%2FEXI01%2F2018%2F&FILE_NM=20180802101829_096c6b510fe943e384f7a4ce71f14740_c79524c3901446b1b19fd5c2d566a33f');
Insert into MUSEUM.MU_EXHIBITION (EXHIB_IDX,EXHIB_SUBJECT,EXHIB_PERIOD_START,EXHIB_PERIOD_END,EXHIB_VENUE,EXHIB_ARTIST,EXHIB_ARTWORKS_CNT,EXHIB_ADMISSION,EXHIB_ORGANIZATION,EXHIB_THUMB_PATH) values (124,'“Vision on Vision” - 르메트르 비디오 콜렉션',to_date('2017/12/07','YYYY/MM/DD'),to_date('2018/01/21','YYYY/MM/DD'),'콜백뮤지엄','야엘 바르타나, 클레망  코지토르, 케렌 시터, 양 푸동, 비아트리스 깁슨, 도미니크 곤잘레스-포스터, 에밀리 자시르, 아이작 줄리앙, 데이만타스 나르케비치우스, 캐서린 설리반, 슈퍼플렉스  & #40;총 11명& #41;  ','11점','무료','주최: 콜백뮤지엄 / 후원: 주한 프랑스 대사관, 주한 프랑스 문화원','http://sema.seoul.go.kr/common/imageView?FILE_PATH=%2Fdata%2Fdisplay%2F&FILE_NM=20190114192850_7affdda979d64e2abe6efa72f8b6cf4f_3a951f99ffb64b33ab1ee74604b4f777');
Insert into MUSEUM.MU_EXHIBITION (EXHIB_IDX,EXHIB_SUBJECT,EXHIB_PERIOD_START,EXHIB_PERIOD_END,EXHIB_VENUE,EXHIB_ARTIST,EXHIB_ARTWORKS_CNT,EXHIB_ADMISSION,EXHIB_ORGANIZATION,EXHIB_THUMB_PATH) values (125,'SeMA 벙커 역사갤러리 특별전 <암흑 물질>',to_date('2017/12/07','YYYY/MM/DD'),to_date('2018/01/21','YYYY/MM/DD'),'콜백뮤지엄','권혜원','null','무료','콜백뮤지엄','http://sema.seoul.go.kr/common/imageView?FILE_PATH=%2Fdata%2Fdisplay%2F&FILE_NM=20190114192850_78f8121bd83c4c1c98a7bbfaa8fc32f1_e6ca997d00ab4c9fa3da6ba4814ffbc4');
Insert into MUSEUM.MU_EXHIBITION (EXHIB_IDX,EXHIB_SUBJECT,EXHIB_PERIOD_START,EXHIB_PERIOD_END,EXHIB_VENUE,EXHIB_ARTIST,EXHIB_ARTWORKS_CNT,EXHIB_ADMISSION,EXHIB_ORGANIZATION,EXHIB_THUMB_PATH) values (126,'경계 155_BORDER 155',to_date('2017/12/05','YYYY/MM/DD'),to_date('2018/03/04','YYYY/MM/DD'),'콜백뮤지엄','일반공모: 김량, 김치신, 김태균, 리금홍, 신창용, 양지희&다음학교 학생들, SP그룹, 이영, 조은지, 호상근/ 지정공모: 금혜원, 김동규, 김정헌, 김혜련, 문형민, 박혜수, 백승우, 안상수, 유스케 히시다, 이미연, 이성국&박재영, 이은숙, 정덕현, 정윤석, 제인 진 카이젠, 조현열','30여 점','무료','주최: 통일부, 서울특별시/주관: 콜백뮤지엄','http://sema.seoul.go.kr/common/imageView?FILE_PATH=%2Fdata%2Fdisplay%2F&FILE_NM=20190114192849_2ca508c5ccda4b0dbd267acf10022a10_2c48007d3487445fa75bde1ca8e7a6dd');
Insert into MUSEUM.MU_EXHIBITION (EXHIB_IDX,EXHIB_SUBJECT,EXHIB_PERIOD_START,EXHIB_PERIOD_END,EXHIB_VENUE,EXHIB_ARTIST,EXHIB_ARTWORKS_CNT,EXHIB_ADMISSION,EXHIB_ORGANIZATION,EXHIB_THUMB_PATH) values (127,'더불어 평화',to_date('2017/12/05','YYYY/MM/DD'),to_date('2018/03/04','YYYY/MM/DD'),'콜백뮤지엄','강민석, 강진모, 고경일, 구완회, 김수현, 김지현, 김태헌, 동아일보, 딜런 마르티네즈, 로저 셰퍼드, 류희, 김호영, 박불똥, 박진화, 박형근, 선무, 선우영, 안승일, 양형식, 여태명, 연합뉴스, 오윤, 윤종석, 윤태호, 이경남, 이응노, 이준천, 이진석, 정경열, 정종해, 정희우, 조병철, 주연, 한국일보, 서재훈, 한성필, 황병호','40여 점','무료','주최:통일부,서울특별시 / 주관:콜백뮤지엄 / 협찬:SH에너지화학 / 후원:tbs교통방송','http://sema.seoul.go.kr/common/imageView?FILE_PATH=%2Fdata%2Fdisplay%2F&FILE_NM=20190114192849_73da813b329743cea8d3c34df65fa67a_9a3b672938864ea68261c59aefc36215');
Insert into MUSEUM.MU_EXHIBITION (EXHIB_IDX,EXHIB_SUBJECT,EXHIB_PERIOD_START,EXHIB_PERIOD_END,EXHIB_VENUE,EXHIB_ARTIST,EXHIB_ARTWORKS_CNT,EXHIB_ADMISSION,EXHIB_ORGANIZATION,EXHIB_THUMB_PATH) values (128,'2017 난지미술창작스튜디오 11기 오픈스튜디오',to_date('2017/11/17','YYYY/MM/DD'),to_date('2017/11/19','YYYY/MM/DD'),'난지미술창작스튜디오','난지11기 국내입주자 19명 및 국외입주자 4명','null','무료','콜백뮤지엄','http://sema.seoul.go.kr/common/imageView?FILE_PATH=%2Fdata%2Fdisplay%2F&FILE_NM=20190114192849_99bd4065143a40e2a7b64c91af6f5f3e_5943987730ca4924aa39ff9d264db2df');
Insert into MUSEUM.MU_EXHIBITION (EXHIB_IDX,EXHIB_SUBJECT,EXHIB_PERIOD_START,EXHIB_PERIOD_END,EXHIB_VENUE,EXHIB_ARTIST,EXHIB_ARTWORKS_CNT,EXHIB_ADMISSION,EXHIB_ORGANIZATION,EXHIB_THUMB_PATH) values (129,'메이크 잇 Make it',to_date('2017/10/24','YYYY/MM/DD'),to_date('2017/12/25','YYYY/MM/DD'),'콜백뮤지엄','릴리쿰, 강진규등','14점','무료','null','http://sema.seoul.go.kr/common/imageView?FILE_PATH=%2Fdata%2Fdisplay%2F&FILE_NM=20190114192850_7a8e2d653a9c470c83281ec76ce2cea5_b0a07533da1b4f5a928e4272e8899a9c');
Insert into MUSEUM.MU_EXHIBITION (EXHIB_IDX,EXHIB_SUBJECT,EXHIB_PERIOD_START,EXHIB_PERIOD_END,EXHIB_VENUE,EXHIB_ARTIST,EXHIB_ARTWORKS_CNT,EXHIB_ADMISSION,EXHIB_ORGANIZATION,EXHIB_THUMB_PATH) values (114,'예술가 (없는) 초상',to_date('2018/03/20','YYYY/MM/DD'),to_date('2018/05/20','YYYY/MM/DD'),'콜백뮤지엄','주명덕, 육명심, 구본창, 오형근, 천경우, 박현두, 정경자, 김문','100여점','무료','콜백뮤지엄','http://sema.seoul.go.kr/common/imageView?FILE_PATH=%2Fex%2FEXI01%2F2018%2F&FILE_NM=20180508203912_532642965ab74251a6befef8e90c7d4e_9e49674f53a54f54ace3914e1a26a66a');
Insert into MUSEUM.MU_EXHIBITION (EXHIB_IDX,EXHIB_SUBJECT,EXHIB_PERIOD_START,EXHIB_PERIOD_END,EXHIB_VENUE,EXHIB_ARTIST,EXHIB_ARTWORKS_CNT,EXHIB_ADMISSION,EXHIB_ORGANIZATION,EXHIB_THUMB_PATH) values (115,'SeMA 해외순회전 <안상수의 삶-글짜>',to_date('2018/03/15','YYYY/MM/DD'),to_date('2018/09/02','YYYY/MM/DD'),'대만 슈에슈에재단 백색공간','안상수','30여 점','null','대만 슈에슈에재단, 콜백뮤지엄','http://sema.seoul.go.kr/common/imageView?FILE_PATH=%2Fex%2FEXI01%2F2018%2F&FILE_NM=20180517105042_3989a71709384ca488d9e7cc96560a8f_f0546d86efd84c3abdb940b39dc6b645');
Insert into MUSEUM.MU_EXHIBITION (EXHIB_IDX,EXHIB_SUBJECT,EXHIB_PERIOD_START,EXHIB_PERIOD_END,EXHIB_VENUE,EXHIB_ARTIST,EXHIB_ARTWORKS_CNT,EXHIB_ADMISSION,EXHIB_ORGANIZATION,EXHIB_THUMB_PATH) values (116,'잭슨홍의 사물탐구놀이',to_date('2018/03/13','YYYY/MM/DD'),to_date('2018/08/19','YYYY/MM/DD'),'콜백뮤지엄','잭슨홍','4','무료','콜백뮤지엄','http://sema.seoul.go.kr/common/imageView?FILE_PATH=%2Fex%2FEXI01%2F2018%2F&FILE_NM=20180713094317_f079eff4edab4022bdd776049a88dafb_58c5b6ff6319479ab761bb5a429c5d0d');
Insert into MUSEUM.MU_EXHIBITION (EXHIB_IDX,EXHIB_SUBJECT,EXHIB_PERIOD_START,EXHIB_PERIOD_END,EXHIB_VENUE,EXHIB_ARTIST,EXHIB_ARTWORKS_CNT,EXHIB_ADMISSION,EXHIB_ORGANIZATION,EXHIB_THUMB_PATH) values (117,'돌아오지 못한 영혼들',to_date('2018/03/01','YYYY/MM/DD'),to_date('2018/04/15','YYYY/MM/DD'),'콜백뮤지엄','손승현, 데이비드 플래스& #40;David Plath& #41;, 송기찬 ','200여점','무료','주최: 서울특별시, 한국(사)평화디딤돌, 일본(사)동아시아시민네트워크 / 주관: 콜백뮤지엄 / 후원: 한국문화인류학회, (사)민족문제연구소','http://sema.seoul.go.kr/common/imageView?FILE_PATH=%2Fdata%2Fdisplay%2F&FILE_NM=20190114192849_3d52d9034bc24597af85608311a42610_7d4b92f11be74f32896947700cae67f5');
Insert into MUSEUM.MU_EXHIBITION (EXHIB_IDX,EXHIB_SUBJECT,EXHIB_PERIOD_START,EXHIB_PERIOD_END,EXHIB_VENUE,EXHIB_ARTIST,EXHIB_ARTWORKS_CNT,EXHIB_ADMISSION,EXHIB_ORGANIZATION,EXHIB_THUMB_PATH) values (118,'2018 대외협력전시 <SeMA Collection: 올림픽 기념전 화합과 전진>',to_date('2018/02/01','YYYY/MM/DD'),to_date('2018/03/18','YYYY/MM/DD'),'충무아트센터 갤러리','이만익, 미하일 체미야킨, 크리스토, 자우끼, 알레진스키, 피에르 술라주, 산드로 키야, 펭크, 안토니 타피에스, 에두아르도 칠리다, 짐다인, 호세 루이스쿠에바스, 시라가 가즈오, 남관, 김창렬, 박서보, 이반','37점','무료','주최 및 주관 : 콜백뮤지엄,(재)중구문화재단 협력 : 평창동계올림픽','http://sema.seoul.go.kr/common/imageView?FILE_PATH=%2Fdata%2Fdisplay%2F&FILE_NM=20190114192850_044ac362da294f549900db24f7126ffb_f13ea62d563141c69536d1f74c50ddb5');
Insert into MUSEUM.MU_EXHIBITION (EXHIB_IDX,EXHIB_SUBJECT,EXHIB_PERIOD_START,EXHIB_PERIOD_END,EXHIB_VENUE,EXHIB_ARTIST,EXHIB_ARTWORKS_CNT,EXHIB_ADMISSION,EXHIB_ORGANIZATION,EXHIB_THUMB_PATH) values (119,'두 번째 풍경',to_date('2018/01/23','YYYY/MM/DD'),to_date('2018/03/25','YYYY/MM/DD'),'콜백뮤지엄','김기수, 김상균, 노충현, 뮌, 안창홍, 이창원, 장종완, 홍순명, 황세준','총 32점','무료','콜백뮤지엄','http://sema.seoul.go.kr/common/imageView?FILE_PATH=%2Fdata%2Fdisplay%2F&FILE_NM=20190114192849_85aafb41e7f54fbfba8384e0df42e209_adfa05b85f2a4666b66b7b3a8dbe428a');
Insert into MUSEUM.MU_EXHIBITION (EXHIB_IDX,EXHIB_SUBJECT,EXHIB_PERIOD_START,EXHIB_PERIOD_END,EXHIB_VENUE,EXHIB_ARTIST,EXHIB_ARTWORKS_CNT,EXHIB_ADMISSION,EXHIB_ORGANIZATION,EXHIB_THUMB_PATH) values (120,'망각에 부치는 노래',to_date('2017/12/12','YYYY/MM/DD'),to_date('2018/02/25','YYYY/MM/DD'),'콜백뮤지엄','김동규, 김범, 김봉태, 김세진, 김소라, 김용관, 김인배, 김환기, 노충현, 문영민, 뮌, 박준범, 서용선, 송상희, 오인환, 유근택, 유영국, 이효연, 주재환, 주태석, 지석철, 홍순명, 장 미셸 바스키아, 조나단 보로프스키, 루이즈 부르주아, 피터 할리, 사라 모리스, 쿠사마 야요이','28점','무료','null','http://sema.seoul.go.kr/common/imageView?FILE_PATH=%2Fdata%2Fdisplay%2F&FILE_NM=20190114192849_976353bccece41bdbe884d5f95117762_dd2eccc362744da39e0cbe1af48467d1');
Insert into MUSEUM.MU_EXHIBITION (EXHIB_IDX,EXHIB_SUBJECT,EXHIB_PERIOD_START,EXHIB_PERIOD_END,EXHIB_VENUE,EXHIB_ARTIST,EXHIB_ARTWORKS_CNT,EXHIB_ADMISSION,EXHIB_ORGANIZATION,EXHIB_THUMB_PATH) values (121,'미래 과거를 위한 일',to_date('2017/12/12','YYYY/MM/DD'),to_date('2018/03/04','YYYY/MM/DD'),'콜백뮤지엄','아일톤 크레낙, 카를로스 모타, 카롤리나 카이세도, 신시아 마르셀리, 에두아르도 아바로아, 갈라 포라스-김, 후안 페르난도 에란, 라젠시아, 라에네, 라우라 우에르타스 밀란, 레옹 이르스망, 파트타임스위트, 파트리시아 도밍게스, 로베르토 하코비','30여 점','무료','주최 콜백뮤지엄','http://sema.seoul.go.kr/common/imageView?FILE_PATH=%2Fex%2FEXI01%2F2019%2F&FILE_NM=20190125145932_b4efdffa4e004580bba5797c23f7de46_b1716ee1278c420b9bc0a8949a40e68c');
Insert into MUSEUM.MU_EXHIBITION (EXHIB_IDX,EXHIB_SUBJECT,EXHIB_PERIOD_START,EXHIB_PERIOD_END,EXHIB_VENUE,EXHIB_ARTIST,EXHIB_ARTWORKS_CNT,EXHIB_ADMISSION,EXHIB_ORGANIZATION,EXHIB_THUMB_PATH) values (122,'2017 서울 포커스 [25.7]',to_date('2017/12/12','YYYY/MM/DD'),to_date('2018/03/11','YYYY/MM/DD'),'콜백뮤지엄','곽이브, 김성수, 김웅현, 김혜원, 김희천, 동양대학교 디자인학부, 리슨투더시티, 박세진+장덕화, 박지희, 박철수+임동근, 안경수, 이은우, 이해민선, 정지돈+안홍근, 조익정, 진짜공간, 최고은, 최승준, 최윤, 추미림, 홍진훤','null','무료','null','http://sema.seoul.go.kr/common/imageView?FILE_PATH=%2Fdata%2Fdisplay%2F&FILE_NM=20190114192849_45eed70bbc52462e957d79a33b8ca2f4_b8cbbd8259a14a9a8fd5cdee01c1636c');
Insert into MUSEUM.MU_EXHIBITION (EXHIB_IDX,EXHIB_SUBJECT,EXHIB_PERIOD_START,EXHIB_PERIOD_END,EXHIB_VENUE,EXHIB_ARTIST,EXHIB_ARTWORKS_CNT,EXHIB_ADMISSION,EXHIB_ORGANIZATION,EXHIB_THUMB_PATH) values (123,'W쇼—그래픽 디자이너 리스트',to_date('2017/12/08','YYYY/MM/DD'),to_date('2018/01/12','YYYY/MM/DD'),'콜백뮤지엄','박연주, 소목장 세미, 양으뜸, 용세라, 홍은주, 텍스처 온 텍스처와 한국 여성 그래픽 디자이너 91 명','91점','무료','주최 콜백뮤지엄','http://sema.seoul.go.kr/common/imageView?FILE_PATH=%2Fdata%2Fdisplay%2F&FILE_NM=20190114192849_23425024b96f448f8a4b91b67ec21036_d06d1da1227d4a2c99327ac34a52a4db');
Insert into MUSEUM.MU_EXHIBITION (EXHIB_IDX,EXHIB_SUBJECT,EXHIB_PERIOD_START,EXHIB_PERIOD_END,EXHIB_VENUE,EXHIB_ARTIST,EXHIB_ARTWORKS_CNT,EXHIB_ADMISSION,EXHIB_ORGANIZATION,EXHIB_THUMB_PATH) values (133,'SeMA 벙커 역사갤러리 특별전 <나, 박정희, 벙커>',to_date('2017/10/19','YYYY/MM/DD'),to_date('2017/11/26','YYYY/MM/DD'),'콜백뮤지엄','윤지원','null','무료','콜백뮤지엄','http://sema.seoul.go.kr/common/imageView?FILE_PATH=%2Fdata%2Fdisplay%2F&FILE_NM=20190114192849_1820145897144928a3a50069537c8ddd_43ca2cf87f644aa9bdcde833f5f41bb4');
Insert into MUSEUM.MU_EXHIBITION (EXHIB_IDX,EXHIB_SUBJECT,EXHIB_PERIOD_START,EXHIB_PERIOD_END,EXHIB_VENUE,EXHIB_ARTIST,EXHIB_ARTWORKS_CNT,EXHIB_ADMISSION,EXHIB_ORGANIZATION,EXHIB_THUMB_PATH) values (134,'벌집도시와 소리숨바꼭질!',to_date('2017/09/29','YYYY/MM/DD'),to_date('2018/02/18','YYYY/MM/DD'),'콜백뮤지엄','구부요 밴드, 이화진','null','무료','콜백뮤지엄','http://sema.seoul.go.kr/common/imageView?FILE_PATH=%2Fdata%2Fdisplay%2F&FILE_NM=20190114192849_413333a6f705492888d915f5a0be8fea_19ed49ca61454755ae15150902629f54');
Insert into MUSEUM.MU_EXHIBITION (EXHIB_IDX,EXHIB_SUBJECT,EXHIB_PERIOD_START,EXHIB_PERIOD_END,EXHIB_VENUE,EXHIB_ARTIST,EXHIB_ARTWORKS_CNT,EXHIB_ADMISSION,EXHIB_ORGANIZATION,EXHIB_THUMB_PATH) values (135,'홍성도 기증작가초대전 <시차 그리고 시차>',to_date('2017/09/21','YYYY/MM/DD'),to_date('2017/11/12','YYYY/MM/DD'),'콜백뮤지엄','홍성도','20여 점','무료','콜백뮤지엄','http://sema.seoul.go.kr/common/imageView?FILE_PATH=%2Fdata%2Fdisplay%2F&FILE_NM=20190114192849_288b0e3bc5394a84aac039501646d92b_b9928e36d1db4e55a8df054f6f55596c');
Insert into MUSEUM.MU_EXHIBITION (EXHIB_IDX,EXHIB_SUBJECT,EXHIB_PERIOD_START,EXHIB_PERIOD_END,EXHIB_VENUE,EXHIB_ARTIST,EXHIB_ARTWORKS_CNT,EXHIB_ADMISSION,EXHIB_ORGANIZATION,EXHIB_THUMB_PATH) values (138,'자율진화도시',to_date('2017/09/03','YYYY/MM/DD'),to_date('2017/11/12','YYYY/MM/DD'),'콜백뮤지엄','건축가- 김중업, 김수근, 이희태, 우규승, 김태수, 김종성, 승효상, 김인철, 최문규, 황두진, 조민석, 민현식, 이소진, 김종규, 최욱, 김찬중, 장윤규, 정기용, 민성진, 장영철+전숙희, 이민+손진, 최문규, 정현아, 조병수, 유걸, 이성관 등, 미술가 - 배병우, 박종우, 구부요밴드/플라잉시티, 이예승, 공모전 당선자-송진영, 최수희와 정대건, 신이도와 최찬숙과 올리베 뢰버','100여점 내외','무료','콜백뮤지엄, UIA 서울세계건축대회 조직위원회','http://sema.seoul.go.kr/common/imageView?FILE_PATH=%2Fdata%2Fdisplay%2F&FILE_NM=20190114192849_f47de2485aff430d9e3dbd54352e3bf2_0e29c369124047d083eb4fdca8cd12d3');
Insert into MUSEUM.MU_EXHIBITION (EXHIB_IDX,EXHIB_SUBJECT,EXHIB_PERIOD_START,EXHIB_PERIOD_END,EXHIB_VENUE,EXHIB_ARTIST,EXHIB_ARTWORKS_CNT,EXHIB_ADMISSION,EXHIB_ORGANIZATION,EXHIB_THUMB_PATH) values (139,'2017 대외협력전시 <SeMA Collection : 청산별곡>',to_date('2017/08/09','YYYY/MM/DD'),to_date('2017/08/31','YYYY/MM/DD'),'갤러리 관악','김동철, 민경갑, 박현두, 백태호, 윤중식, 이혁준, 임택, 정주영, 조소희, 최덕휴','11점','무료','콜백뮤지엄, 관악구','http://sema.seoul.go.kr/common/imageView?FILE_PATH=%2Fdata%2Fdisplay%2F&FILE_NM=20190114192849_aec6128863d6407582b4d91170e744d8_55898ab6df9c408ea4ceadda8c4db644');
Insert into MUSEUM.MU_EXHIBITION (EXHIB_IDX,EXHIB_SUBJECT,EXHIB_PERIOD_START,EXHIB_PERIOD_END,EXHIB_VENUE,EXHIB_ARTIST,EXHIB_ARTWORKS_CNT,EXHIB_ADMISSION,EXHIB_ORGANIZATION,EXHIB_THUMB_PATH) values (140,'2017 난지아트쇼 3 <그날 우리는 무엇을 본 걸까?>',to_date('2017/07/27','YYYY/MM/DD'),to_date('2017/08/06','YYYY/MM/DD'),'난지미술창작스튜디오','■기획 및 참여: 김정모, 노은주, 배은아, 이정민, 믹스라이스, 최대진 ','null','무료','콜백뮤지엄','http://sema.seoul.go.kr/common/imageView?FILE_PATH=%2Fdata%2Fdisplay%2F&FILE_NM=20190114192849_e745692361c64a56b35f926de343acf5_b6845b3716694da6a67bc2d1dfe7eb7c');
Insert into MUSEUM.MU_EXHIBITION (EXHIB_IDX,EXHIB_SUBJECT,EXHIB_PERIOD_START,EXHIB_PERIOD_END,EXHIB_VENUE,EXHIB_ARTIST,EXHIB_ARTWORKS_CNT,EXHIB_ADMISSION,EXHIB_ORGANIZATION,EXHIB_THUMB_PATH) values (141,'2017 타이틀매치 : 김차섭 vs. 전소정 ≪내 세대의 노래≫',to_date('2017/07/25','YYYY/MM/DD'),to_date('2017/10/15','YYYY/MM/DD'),'콜백뮤지엄','김차섭, 전소정','200여점','무료','null','http://sema.seoul.go.kr/common/imageView?FILE_PATH=%2Fdata%2Fdisplay%2F&FILE_NM=20190114192849_5349ff94aa594a8d9d7edc22901b38d7_2772bfd8e0524b14aaf4b2fe51dbb30d');
Insert into MUSEUM.MU_EXHIBITION (EXHIB_IDX,EXHIB_SUBJECT,EXHIB_PERIOD_START,EXHIB_PERIOD_END,EXHIB_VENUE,EXHIB_ARTIST,EXHIB_ARTWORKS_CNT,EXHIB_ADMISSION,EXHIB_ORGANIZATION,EXHIB_THUMB_PATH) values (142,'아시아 디바: 진심을 그대에게',to_date('2017/07/14','YYYY/MM/DD'),to_date('2017/10/09','YYYY/MM/DD'),'콜백뮤지엄','김소영, 노재운, 딘 큐레, 박찬경, 시마다 요시코, 아라마이아니, 나우, 정은영, 제인 진 카이젠 ','null','무료관람','null','http://sema.seoul.go.kr/common/imageView?FILE_PATH=%2Fdata%2Fdisplay%2F&FILE_NM=20190114192849_21eb6aa82e3d404495abd108ac840e7f_2c673b615b0a4d07a394a325a64f1748');
Insert into MUSEUM.MU_EXHIBITION (EXHIB_IDX,EXHIB_SUBJECT,EXHIB_PERIOD_START,EXHIB_PERIOD_END,EXHIB_VENUE,EXHIB_ARTIST,EXHIB_ARTWORKS_CNT,EXHIB_ADMISSION,EXHIB_ORGANIZATION,EXHIB_THUMB_PATH) values (143,'공예의 자리 Rethinking craft',to_date('2017/06/06','YYYY/MM/DD'),to_date('2017/09/24','YYYY/MM/DD'),'콜백뮤지엄','강석영, 권순형, 권영우, 김지혜, 노경조, 데비한, 신미경, 여선구, 오숙환, 원경환,  유리지, 윤형근, 이수경, 이승희, 장응복,  정경연, 정승, 주세균, 차승언, 천선명, 홍영인','30여 점','무료','콜백뮤지엄','http://sema.seoul.go.kr/common/imageView?FILE_PATH=%2Fdata%2Fdisplay%2F&FILE_NM=20190114192849_2c27985c97f24118b99e7d55c8dcf6cf_b92a9ff02b21494585d03d889bc37a28');
Insert into MUSEUM.MU_EXHIBITION (EXHIB_IDX,EXHIB_SUBJECT,EXHIB_PERIOD_START,EXHIB_PERIOD_END,EXHIB_VENUE,EXHIB_ARTIST,EXHIB_ARTWORKS_CNT,EXHIB_ADMISSION,EXHIB_ORGANIZATION,EXHIB_THUMB_PATH) values (144,'2017난지아트쇼2 <해적판>',to_date('2017/06/03','YYYY/MM/DD'),to_date('2017/06/11','YYYY/MM/DD'),'난지미술창작스튜디오','기획:김정현& #40;난지11기& #41;   참여작가: 이정민, 박선민, 최해리 & #40;난지11기& #41;,','4','null','콜백뮤지엄','http://sema.seoul.go.kr/common/imageView?FILE_PATH=%2Fdata%2Fdisplay%2F&FILE_NM=20190114192850_6e7590f670d94b75bd1810ea2aaf263e_dfaae357c60a410e9d9fc27aea6ef2b5');
Insert into MUSEUM.MU_EXHIBITION (EXHIB_IDX,EXHIB_SUBJECT,EXHIB_PERIOD_START,EXHIB_PERIOD_END,EXHIB_VENUE,EXHIB_ARTIST,EXHIB_ARTWORKS_CNT,EXHIB_ADMISSION,EXHIB_ORGANIZATION,EXHIB_THUMB_PATH) values (145,'<난지 10년: SeMA 난지미술창작스튜디오 아카이브전>',to_date('2017/05/30','YYYY/MM/DD'),to_date('2017/08/15','YYYY/MM/DD'),'콜백뮤지엄','권용주, 권혜원, 김준, 나현, 성유삼, 유비호, UNSITE& #40;신형섭, 이원호, 이창훈& #41; ','null','무료','콜백뮤지엄','http://sema.seoul.go.kr/common/imageView?FILE_PATH=%2Fdata%2Fdisplay%2F&FILE_NM=20190114192849_aecde4e0e1374b43b06e62c56edddcc1_7f184d06a4e045f99eaa3612c08b2a23');
Insert into MUSEUM.MU_EXHIBITION (EXHIB_IDX,EXHIB_SUBJECT,EXHIB_PERIOD_START,EXHIB_PERIOD_END,EXHIB_VENUE,EXHIB_ARTIST,EXHIB_ARTWORKS_CNT,EXHIB_ADMISSION,EXHIB_ORGANIZATION,EXHIB_THUMB_PATH) values (146,'하이라이트',to_date('2017/05/30','YYYY/MM/DD'),to_date('2017/08/15','YYYY/MM/DD'),'콜백뮤지엄','장 미셸 알베롤라, 클라우디아 안두자르, 차이 구어치앙, 마크 쿠튀리에, 레이몽 드파르동, 딜러 스코피디오 렌프로, 훌리아 이시드레스, 키타노 타케시, 버니 크라우스, 이불, 데이비드 린치, 알레산드로 멘디니, 뫼비우스, 모리야마 다이도, 론 뮤익, 클로딘 누가레, 장 미셸 오토니엘, 파킹찬스, 후안나 마르타 로다스, 쉐리 삼바, 패티 스미스, 선우훈, 사라 지, 유브이에이, 요코오 타다노리','100여 점','무료','null','http://sema.seoul.go.kr/common/imageView?FILE_PATH=%2Fdata%2Fdisplay%2F&FILE_NM=20190114192849_a09fc734a2d04f75a5010126e75455de_6e9daaa315e141b0b3a2ea7e97507293');
Insert into MUSEUM.MU_EXHIBITION (EXHIB_IDX,EXHIB_SUBJECT,EXHIB_PERIOD_START,EXHIB_PERIOD_END,EXHIB_VENUE,EXHIB_ARTIST,EXHIB_ARTWORKS_CNT,EXHIB_ADMISSION,EXHIB_ORGANIZATION,EXHIB_THUMB_PATH) values (147,'2017 대외협력전시 <SeMA Collection : 가족 이야기>',to_date('2017/05/24','YYYY/MM/DD'),to_date('2017/06/11','YYYY/MM/DD'),'금천구청 금나래아트홀 갤러리','강봉규, 김경민, 김덕기, 심현희, 원종철, 윤석남, 이만익, 이종구, 임옥상, 정정엽, 최윤석, 황영성 & #40;총 12명& #41;','총 16점 ','무료','콜백뮤지엄, 금천구청','http://sema.seoul.go.kr/common/imageView?FILE_PATH=%2Fdata%2Fdisplay%2F&FILE_NM=20190114192849_65c9ef966e6c4ca79c6a684917cc66c5_789da60d874d4f7983359ec2b0a85832');
Insert into MUSEUM.MU_EXHIBITION (EXHIB_IDX,EXHIB_SUBJECT,EXHIB_PERIOD_START,EXHIB_PERIOD_END,EXHIB_VENUE,EXHIB_ARTIST,EXHIB_ARTWORKS_CNT,EXHIB_ADMISSION,EXHIB_ORGANIZATION,EXHIB_THUMB_PATH) values (136,'불협화음의 기술: 다름과 함께 하기',to_date('2017/09/12','YYYY/MM/DD'),to_date('2017/11/12','YYYY/MM/DD'),'콜백뮤지엄','폴 그라함, 제레미 델러와 알란 케인, 레이첼 맥클린, 밥 앤 로버타 스미스, 칼리 스푸너, 존 아캄프라, 마크 월린저, 질리안 웨어링, 삼손 캄발루, 볼프강 틸만스, 마틴 파, 그레이슨 페리, 모나 하툼, 에드 홀, 루바이나 히미드 ','26여 점','null','주최: 콜백뮤지엄, 영국문화원후원: 금호아시아아문화재단, SC제일은행, 포시즌스 호텔 한국, 디아지오','http://sema.seoul.go.kr/common/imageView?FILE_PATH=%2Fdata%2Fdisplay%2F&FILE_NM=20190114192849_858cb4cd14b349d7a411f43e803ec998_402a5874eff449dd87fbc8dbf1a4efce');
Insert into MUSEUM.MU_EXHIBITION (EXHIB_IDX,EXHIB_SUBJECT,EXHIB_PERIOD_START,EXHIB_PERIOD_END,EXHIB_VENUE,EXHIB_ARTIST,EXHIB_ARTWORKS_CNT,EXHIB_ADMISSION,EXHIB_ORGANIZATION,EXHIB_THUMB_PATH) values (137,'역사풍경 : 서소문동37번지',to_date('2017/09/03','YYYY/MM/DD'),to_date('2017/11/12','YYYY/MM/DD'),'콜백뮤지엄','박찬민+정경자, 강경희, 타무라 유이치로','50여점 내외','무료','콜백뮤지엄','http://sema.seoul.go.kr/common/imageView?FILE_PATH=%2Fdata%2Fdisplay%2F&FILE_NM=20190114192849_035bb85e3f114dc98117f544930a1e68_d1c987ebf7d44f01bc82a8eb34d2166a');
Insert into MUSEUM.MU_EXHIBITION (EXHIB_IDX,EXHIB_SUBJECT,EXHIB_PERIOD_START,EXHIB_PERIOD_END,EXHIB_VENUE,EXHIB_ARTIST,EXHIB_ARTWORKS_CNT,EXHIB_ADMISSION,EXHIB_ORGANIZATION,EXHIB_THUMB_PATH) values (130,'2017 대외협력전시 <상상도시, 강남>',to_date('2017/10/20','YYYY/MM/DD'),to_date('2017/11/09','YYYY/MM/DD'),'콜백뮤지엄 갤러리','null','22','무료','주최 : 콜백뮤지엄, 강남문화재단주관 : 콜백뮤지엄, 강남문화재단','http://sema.seoul.go.kr/common/imageView?FILE_PATH=%2Fdata%2Fdisplay%2F&FILE_NM=20190114192849_aa54dd32bf99403c836c13ef6104387b_5b329458292540f2bf3b6751dd58108d');
Insert into MUSEUM.MU_EXHIBITION (EXHIB_IDX,EXHIB_SUBJECT,EXHIB_PERIOD_START,EXHIB_PERIOD_END,EXHIB_VENUE,EXHIB_ARTIST,EXHIB_ARTWORKS_CNT,EXHIB_ADMISSION,EXHIB_ORGANIZATION,EXHIB_THUMB_PATH) values (131,'2017 난지아트쇼4 <맵핑 더 시티(MAPPING THE CITY)>',to_date('2017/10/19','YYYY/MM/DD'),to_date('2017/10/29','YYYY/MM/DD'),'난지미술창작스튜디오','■ 기획 및 참여: 김세진, 김정모, 조습, 홍유영_난지11기 / 전혜주_외부작가','null','무료','콜백뮤지엄','http://sema.seoul.go.kr/common/imageView?FILE_PATH=%2Fdata%2Fdisplay%2F&FILE_NM=20190114192849_07372ccbbb6e47439a3e7f04f9716319_c174bab9952549ea8027869f0a53857d');
Insert into MUSEUM.MU_EXHIBITION (EXHIB_IDX,EXHIB_SUBJECT,EXHIB_PERIOD_START,EXHIB_PERIOD_END,EXHIB_VENUE,EXHIB_ARTIST,EXHIB_ARTWORKS_CNT,EXHIB_ADMISSION,EXHIB_ORGANIZATION,EXHIB_THUMB_PATH) values (132,'SeMA 벙커 개관기획전 <여의도 모더니티>',to_date('2017/10/19','YYYY/MM/DD'),to_date('2017/11/26','YYYY/MM/DD'),'콜백뮤지엄','강예린+진종헌+신경섭, 김남수+이나현+유빈댄스+송명규, 윤율리+할로미늄, 조인철+박정근 ','null','무료','콜백뮤지엄','http://sema.seoul.go.kr/common/imageView?FILE_PATH=%2Fdata%2Fdisplay%2F&FILE_NM=20190114192850_1782a1ef73bc4e678f6ddd1c6929aca9_26dd3c52de6d44a9bd6f27c19bc28f00');
Insert into MUSEUM.MU_EXHIBITION (EXHIB_IDX,EXHIB_SUBJECT,EXHIB_PERIOD_START,EXHIB_PERIOD_END,EXHIB_VENUE,EXHIB_ARTIST,EXHIB_ARTWORKS_CNT,EXHIB_ADMISSION,EXHIB_ORGANIZATION,EXHIB_THUMB_PATH) values (163,'오늘의 옹기: 이현배',to_date('2016/12/13','YYYY/MM/DD'),to_date('2017/02/26','YYYY/MM/DD'),'콜백뮤지엄','null','600여점','무료','null','http://sema.seoul.go.kr/common/imageView?FILE_PATH=%2Fdata%2Fdisplay%2F&FILE_NM=20190114192850_ee327cefdd18414db99b77ee33204a77_b0ff387e0d254636a0d23af8ca3c5532');
Insert into MUSEUM.MU_EXHIBITION (EXHIB_IDX,EXHIB_SUBJECT,EXHIB_PERIOD_START,EXHIB_PERIOD_END,EXHIB_VENUE,EXHIB_ARTIST,EXHIB_ARTWORKS_CNT,EXHIB_ADMISSION,EXHIB_ORGANIZATION,EXHIB_THUMB_PATH) values (164,'SeMA 전시 아카이브 1988-2016: 읽기 쓰기 말하기',to_date('2016/12/13','YYYY/MM/DD'),to_date('2017/03/26','YYYY/MM/DD'),'콜백뮤지엄','Sasa[44], 윤지원, 제삼의 독자들& #40;김학량, 이정민, 현시원& #41;','null','무료','null','http://sema.seoul.go.kr/common/imageView?FILE_PATH=%2Fdata%2Fdisplay%2F&FILE_NM=20190114192849_441cda798e3e4ad08311eb80e6acc40a_dd037e5d76f746538cdf3ae50ee30ecd');
Insert into MUSEUM.MU_EXHIBITION (EXHIB_IDX,EXHIB_SUBJECT,EXHIB_PERIOD_START,EXHIB_PERIOD_END,EXHIB_VENUE,EXHIB_ARTIST,EXHIB_ARTWORKS_CNT,EXHIB_ADMISSION,EXHIB_ORGANIZATION,EXHIB_THUMB_PATH) values (165,'점·선·면 Point·Line·Plane',to_date('2016/12/13','YYYY/MM/DD'),to_date('2017/04/16','YYYY/MM/DD'),'콜백뮤지엄','홍승혜','15점','무료','콜백뮤지엄','http://sema.seoul.go.kr/common/imageView?FILE_PATH=%2Fdata%2Fdisplay%2F&FILE_NM=20190114192849_b29c75454e5d4aeb9bb9575044dbe4a3_f9f28bed955a427593d0d2fe01de329a');
Insert into MUSEUM.MU_EXHIBITION (EXHIB_IDX,EXHIB_SUBJECT,EXHIB_PERIOD_START,EXHIB_PERIOD_END,EXHIB_VENUE,EXHIB_ARTIST,EXHIB_ARTWORKS_CNT,EXHIB_ADMISSION,EXHIB_ORGANIZATION,EXHIB_THUMB_PATH) values (166,'전국시도립미술관 네트워크 SeMA 어린이체험 순회전 <빨주노초파남보>',to_date('2016/11/23','YYYY/MM/DD'),to_date('2017/09/24','YYYY/MM/DD'),'경주예술의전당 알천미술관 어린이갤러리 ','박미나 ','null','임시개방기간(2016.11.23~12.31)을 제외한 전시기간은 유료 입장입니다. 전시 운영 관련 자세한 사항은 경주문화재단으로 문의해주세요.','전시주최 : 경주시 / 전시주관 : 경주문화재단, 콜백뮤지엄','http://sema.seoul.go.kr/common/imageView?FILE_PATH=%2Fdata%2Fdisplay%2F&FILE_NM=20190114192849_70ced02f8bc641c0af579d63036d0205_53bf26e18cca43b79f00c179d88faf56');
Insert into MUSEUM.MU_EXHIBITION (EXHIB_IDX,EXHIB_SUBJECT,EXHIB_PERIOD_START,EXHIB_PERIOD_END,EXHIB_VENUE,EXHIB_ARTIST,EXHIB_ARTWORKS_CNT,EXHIB_ADMISSION,EXHIB_ORGANIZATION,EXHIB_THUMB_PATH) values (167,'난지미술창작스튜디오 10기 오픈스튜디오',to_date('2016/11/18','YYYY/MM/DD'),to_date('2016/11/20','YYYY/MM/DD'),'난지미술창작스튜디오','권용주, 권혜원, 도로시엠윤, 박보나, 박윤경, 배윤환, 성유삼, 신현정, 신형섭, 심소미, 염지혜, 옥정호, 이정형, 임현정, 임흥순, 조은비, 허수영, 허태원, 홍승희, Alex Rickett, Daniele Puppi, Lucia Kempkes, Riel Hilario','null','무료','null','http://sema.seoul.go.kr/common/imageView?FILE_PATH=%2Fdata%2Fdisplay%2F&FILE_NM=20190114192850_5cd1de28646d4dab9602e27f058d09cf_cbc92807c1a4441abbe496855c63e74a');
Insert into MUSEUM.MU_EXHIBITION (EXHIB_IDX,EXHIB_SUBJECT,EXHIB_PERIOD_START,EXHIB_PERIOD_END,EXHIB_VENUE,EXHIB_ARTIST,EXHIB_ARTWORKS_CNT,EXHIB_ADMISSION,EXHIB_ORGANIZATION,EXHIB_THUMB_PATH) values (168,'2016 난지아트쇼 7 : 난지도 플럭스',to_date('2016/11/10','YYYY/MM/DD'),to_date('2016/11/20','YYYY/MM/DD'),'난지미술창작스튜디오','null','6','무료','콜백뮤지엄','http://sema.seoul.go.kr/common/imageView?FILE_PATH=%2Fdata%2Fdisplay%2F&FILE_NM=20190114192849_e96cb96cad9c4a05a69261cbbb2d1044_5b6019aad2a04a2382185b9d3c50b887');
Insert into MUSEUM.MU_EXHIBITION (EXHIB_IDX,EXHIB_SUBJECT,EXHIB_PERIOD_START,EXHIB_PERIOD_END,EXHIB_VENUE,EXHIB_ARTIST,EXHIB_ARTWORKS_CNT,EXHIB_ADMISSION,EXHIB_ORGANIZATION,EXHIB_THUMB_PATH) values (148,'율동 : 규칙과 운동감',to_date('2017/05/02','YYYY/MM/DD'),to_date('2017/09/03','YYYY/MM/DD'),'콜백뮤지엄','박기원, 이재이, 최우람','null','무료','null','http://sema.seoul.go.kr/common/imageView?FILE_PATH=%2Fdata%2Fdisplay%2F&FILE_NM=20190114192850_9d2c42ac982b42218bc73807c6e882c5_307c5762b61141fb8534d10c2d915e94');
Insert into MUSEUM.MU_EXHIBITION (EXHIB_IDX,EXHIB_SUBJECT,EXHIB_PERIOD_START,EXHIB_PERIOD_END,EXHIB_VENUE,EXHIB_ARTIST,EXHIB_ARTWORKS_CNT,EXHIB_ADMISSION,EXHIB_ORGANIZATION,EXHIB_THUMB_PATH) values (149,'<다시, 꽃을 보다: 전쟁 그리고 여성들>',to_date('2017/04/28','YYYY/MM/DD'),to_date('2017/05/28','YYYY/MM/DD'),'콜백뮤지엄',' Art제안 : 강민주, 김동욱, 김미향, 김은영, 김수향, 민철홍, 박설아, 신영성, 신정원, 심정아, 양지희, 이유현, 정경미, 하민수, 한승훈, 허은영, 황선영','약 30여점','무료','주관: 콜백뮤지엄기획: Art제안(하민수)후원:(사)한국정신대문제대책협의회/전쟁과여성인권박물관/정의기억재단','http://sema.seoul.go.kr/common/imageView?FILE_PATH=%2Fdata%2Fdisplay%2F&FILE_NM=20190114192848_c7678e12188f43cdb781f558415b7011_e7932016928741edbb53897df7523c58');
Insert into MUSEUM.MU_EXHIBITION (EXHIB_IDX,EXHIB_SUBJECT,EXHIB_PERIOD_START,EXHIB_PERIOD_END,EXHIB_VENUE,EXHIB_ARTIST,EXHIB_ARTWORKS_CNT,EXHIB_ADMISSION,EXHIB_ORGANIZATION,EXHIB_THUMB_PATH) values (150,'2017 난지미술창작스튜디오 11기 오픈스튜디오',to_date('2017/04/14','YYYY/MM/DD'),to_date('2017/04/15','YYYY/MM/DD'),'난지미술창작스튜디오','난지 11기 국내 입주자 17인, 국내 연구자 2인, 국외 입주자 4인, 2017 난지 국제 입주작가 교환 프로그램 2인','null','무료','콜백뮤지엄','http://sema.seoul.go.kr/common/imageView?FILE_PATH=%2Fdata%2Fdisplay%2F&FILE_NM=20190114192847_08f223f9c5c04664aa9aabef281f8b50_b7b0a58e669e4a9ca25545ca268eea3b');
Insert into MUSEUM.MU_EXHIBITION (EXHIB_IDX,EXHIB_SUBJECT,EXHIB_PERIOD_START,EXHIB_PERIOD_END,EXHIB_VENUE,EXHIB_ARTIST,EXHIB_ARTWORKS_CNT,EXHIB_ADMISSION,EXHIB_ORGANIZATION,EXHIB_THUMB_PATH) values (151,'2017 난지아트쇼 Ⅰ<20면체 분광기>',to_date('2017/04/14','YYYY/MM/DD'),to_date('2017/04/15','YYYY/MM/DD'),'난지미술창작스튜디오','기슬기, 김세진, 김웅현, 김인배, 김정모, 노은주, 믹스라이스, 박광수, 박선민, 이미래, 이정민, 이행준, 조 습, 차재민,최대진, 최해리, 홍유영, 김정현, 배은아, Andro SEMEIKO  ','null','무료','콜백뮤지엄','http://sema.seoul.go.kr/common/imageView?FILE_PATH=%2Fdata%2Fdisplay%2F&FILE_NM=20190114192849_ed1102f23cd04cbe9644697996e23bc5_d3b38b6ec60a4273897c844899a34a45');
Insert into MUSEUM.MU_EXHIBITION (EXHIB_IDX,EXHIB_SUBJECT,EXHIB_PERIOD_START,EXHIB_PERIOD_END,EXHIB_VENUE,EXHIB_ARTIST,EXHIB_ARTWORKS_CNT,EXHIB_ADMISSION,EXHIB_ORGANIZATION,EXHIB_THUMB_PATH) values (152,'덕후 프로젝트: 몰입하다',to_date('2017/04/11','YYYY/MM/DD'),to_date('2017/07/09','YYYY/MM/DD'),'콜백뮤지엄','고성배, 김성재, 김이박, 박미나, 송민정, 신창용, 이권, 이현진, 장지우, 조문기, 진기종','30여점','무료','콜백뮤지엄','http://sema.seoul.go.kr/common/imageView?FILE_PATH=%2Fdata%2Fdisplay%2F&FILE_NM=20190114192849_3ab7a491df994f6bbde5c97190b5cc9e_4a1cc1dfb9504e44ac1f695f1981f885');
Insert into MUSEUM.MU_EXHIBITION (EXHIB_IDX,EXHIB_SUBJECT,EXHIB_PERIOD_START,EXHIB_PERIOD_END,EXHIB_VENUE,EXHIB_ARTIST,EXHIB_ARTWORKS_CNT,EXHIB_ADMISSION,EXHIB_ORGANIZATION,EXHIB_THUMB_PATH) values (153,'2017 커뮤니티 아트  <안녕하세요>',to_date('2017/04/04','YYYY/MM/DD'),to_date('2017/06/25','YYYY/MM/DD'),'콜백뮤지엄','김재연, 김찬규, 김형식, 성보라, 안정진, 유영진, 윤태준, 정영돈, 천경우','11점 ','무료','콜백뮤지엄','http://sema.seoul.go.kr/common/imageView?FILE_PATH=%2Fdata%2Fdisplay%2F&FILE_NM=20190114192848_c4780b7cef7e47cca3d334bc388afc08_80c142a9cde74f1e80d4283cd4def8bd');
Insert into MUSEUM.MU_EXHIBITION (EXHIB_IDX,EXHIB_SUBJECT,EXHIB_PERIOD_START,EXHIB_PERIOD_END,EXHIB_VENUE,EXHIB_ARTIST,EXHIB_ARTWORKS_CNT,EXHIB_ADMISSION,EXHIB_ORGANIZATION,EXHIB_THUMB_PATH) values (154,'난지10기 리뷰전 : 보고.10.다',to_date('2017/03/21','YYYY/MM/DD'),to_date('2017/04/16','YYYY/MM/DD'),'콜백뮤지엄','권용주, 권혜원, 도로시엠윤, 박보나, 박윤경, 배윤환, 성유삼, 신현정, 신형섭, 염지혜, 옥정호, 이정형, 임현정, 임흥순, 허수영, 허태원, 홍승희, 심소미,  조은비','49','무료','주최 : 콜백뮤지엄','http://sema.seoul.go.kr/common/imageView?FILE_PATH=%2Fdata%2Fdisplay%2F&FILE_NM=20190114192849_cfdad68e3b8c44358a540492f74536c1_71310d8761974a2cac563806ce9ab0f3');
Insert into MUSEUM.MU_EXHIBITION (EXHIB_IDX,EXHIB_SUBJECT,EXHIB_PERIOD_START,EXHIB_PERIOD_END,EXHIB_VENUE,EXHIB_ARTIST,EXHIB_ARTWORKS_CNT,EXHIB_ADMISSION,EXHIB_ORGANIZATION,EXHIB_THUMB_PATH) values (155,'2016 신소장품 선選',to_date('2017/03/21','YYYY/MM/DD'),to_date('2017/05/21','YYYY/MM/DD'),'콜백뮤지엄','강운, 곽선경, 구본창, 김세진, 김시연, 김영구, 김우영, 김은형, 김지은, 김지현, 박성연, 배준성, 백승현, 윤인선, 이민호, 이병호, 이성미, 이승희, 이용백, 이은우, 이창원, 주세균, 최성록, 한경우, 허보리, 황인기   ','36','무료','null','http://sema.seoul.go.kr/common/imageView?FILE_PATH=%2Fdata%2Fdisplay%2F&FILE_NM=20190114192849_b811b3ed5c2d4dbe87bbed41db7e723b_cdfc2649fc2547218832459fb9b61011');
Insert into MUSEUM.MU_EXHIBITION (EXHIB_IDX,EXHIB_SUBJECT,EXHIB_PERIOD_START,EXHIB_PERIOD_END,EXHIB_VENUE,EXHIB_ARTIST,EXHIB_ARTWORKS_CNT,EXHIB_ADMISSION,EXHIB_ORGANIZATION,EXHIB_THUMB_PATH) values (156,'SeMA Green <날개.파티>',to_date('2017/03/14','YYYY/MM/DD'),to_date('2017/05/14','YYYY/MM/DD'),'콜백뮤지엄','안상수, 파주타이포그라피학교','설치, 영상, 평면 및 아카이브 100여 점 ','무료','null','http://sema.seoul.go.kr/common/imageView?FILE_PATH=%2Fdata%2Fdisplay%2F&FILE_NM=20190114192849_2a008dcb3aed4bd4881d9971fe8c9021_1170d209bdd54623b0700fe6c784cbe0');
Insert into MUSEUM.MU_EXHIBITION (EXHIB_IDX,EXHIB_SUBJECT,EXHIB_PERIOD_START,EXHIB_PERIOD_END,EXHIB_VENUE,EXHIB_ARTIST,EXHIB_ARTWORKS_CNT,EXHIB_ADMISSION,EXHIB_ORGANIZATION,EXHIB_THUMB_PATH) values (157,'내일, 세상은 아름다울 것이다',to_date('2017/03/10','YYYY/MM/DD'),to_date('2021/12/31','YYYY/MM/DD'),'콜백뮤지엄','김상돈, 레벨나인, 김경호, 송면근','9점','무료','콜백뮤지엄','http://sema.seoul.go.kr/common/imageView?FILE_PATH=%2Fex%2FEXI01%2F2019%2F&FILE_NM=20190409204920_74a45009c09b4b10971e84fbbf1bda65_c83237a020ca44c5b261a24c22a0916e');
Insert into MUSEUM.MU_EXHIBITION (EXHIB_IDX,EXHIB_SUBJECT,EXHIB_PERIOD_START,EXHIB_PERIOD_END,EXHIB_VENUE,EXHIB_ARTIST,EXHIB_ARTWORKS_CNT,EXHIB_ADMISSION,EXHIB_ORGANIZATION,EXHIB_THUMB_PATH) values (158,'콜백뮤지엄 건축아카이브 상설전 <미술관이 된 구벨기에영사관>',to_date('2017/02/07','YYYY/MM/DD'),to_date('2021/12/31','YYYY/MM/DD'),'콜백뮤지엄','공동기획 안창모, 전시디자인 원오원아키텍트, 원오원팩토리, 김병재, 그래픽디자인 정지윤 / 상설전시 개막 기념 전시 : 임흥순 작가','30여 점','무료','콜백뮤지엄','http://sema.seoul.go.kr/common/imageView?FILE_PATH=%2Fex%2FEXI01%2F2018%2F&FILE_NM=20181105131220_248476f547224d6ca300e7cea60283d2_f0359da939e54ab6ad74d77eac136c4e');
Insert into MUSEUM.MU_EXHIBITION (EXHIB_IDX,EXHIB_SUBJECT,EXHIB_PERIOD_START,EXHIB_PERIOD_END,EXHIB_VENUE,EXHIB_ARTIST,EXHIB_ARTWORKS_CNT,EXHIB_ADMISSION,EXHIB_ORGANIZATION,EXHIB_THUMB_PATH) values (159,'도시·도시인 City and the People',to_date('2017/01/17','YYYY/MM/DD'),to_date('2017/03/26','YYYY/MM/DD'),'콜백뮤지엄','옥정호 등','46점','무료','콜백뮤지엄','http://sema.seoul.go.kr/common/imageView?FILE_PATH=%2Fdata%2Fdisplay%2F&FILE_NM=20190114192847_b5caed2fc9104fa282fb6e355627406e_e93aca0242ce43daa47b29cb53a0530f');
Insert into MUSEUM.MU_EXHIBITION (EXHIB_IDX,EXHIB_SUBJECT,EXHIB_PERIOD_START,EXHIB_PERIOD_END,EXHIB_VENUE,EXHIB_ARTIST,EXHIB_ARTWORKS_CNT,EXHIB_ADMISSION,EXHIB_ORGANIZATION,EXHIB_THUMB_PATH) values (160,'2016 서울포커스 <무엇과도 바꿀 수 없는 - No Longer Objects>',to_date('2016/12/20','YYYY/MM/DD'),to_date('2017/03/19','YYYY/MM/DD'),'콜백뮤지엄','EH, 구동희, 박정혜, 백승우, 변상환, 윤지영, 이수경, 이우성, 이은우, 이천표, 잭슨홍, 정윤석, 최윤 ','null','무료','파나소닉코리아와 The Booth에서 전시를 위해 물품을 협찬해 주셨습니다.','http://sema.seoul.go.kr/common/imageView?FILE_PATH=%2Fdata%2Fdisplay%2F&FILE_NM=20190114192849_6f44f37b98e24229a80b3691075e49e2_31c379c5c8e54b3cb37371a9ae54535a');
Insert into MUSEUM.MU_EXHIBITION (EXHIB_IDX,EXHIB_SUBJECT,EXHIB_PERIOD_START,EXHIB_PERIOD_END,EXHIB_VENUE,EXHIB_ARTIST,EXHIB_ARTWORKS_CNT,EXHIB_ADMISSION,EXHIB_ORGANIZATION,EXHIB_THUMB_PATH) values (161,'한불수교 130주년 및 경향신문 창간 70주년 기념 <르누아르의 여인>展',to_date('2016/12/16','YYYY/MM/DD'),to_date('2017/03/26','YYYY/MM/DD'),'콜백뮤지엄','피에르 오귀스트 르누아르','47점','유료: 일반 13,000원 / 청소년: 10,000원 / 어린이: 8,000원**관람료에 대한 자세한 안내: 전시내용 참조**','공동주최 : 콜백뮤지엄, (주)경향신문사','http://sema.seoul.go.kr/common/imageView?FILE_PATH=%2Fdata%2Fdisplay%2F&FILE_NM=20190114192850_214dcba46bff415f8e95815afd4480a4_df403676d6aa4825983cca5f2b4b0821');
Insert into MUSEUM.MU_EXHIBITION (EXHIB_IDX,EXHIB_SUBJECT,EXHIB_PERIOD_START,EXHIB_PERIOD_END,EXHIB_VENUE,EXHIB_ARTIST,EXHIB_ARTWORKS_CNT,EXHIB_ADMISSION,EXHIB_ORGANIZATION,EXHIB_THUMB_PATH) values (162,'SeMA Gold <X: 1990년대 한국미술>',to_date('2016/12/13','YYYY/MM/DD'),to_date('2017/02/19','YYYY/MM/DD'),'콜백뮤지엄','이불 고낙범 이형주 강홍구 샌정/정승//이상뮤지엄, 서브클럽, 진달래, 김미경 염주경 하민수/이상 30캐럿, 금누리 안상수 김성배 오경화 윤동천 이상현 박혜성 이동기 이윰 이재용, 공성훈 문주 안수진 홍성도, 박불똥 조경숙 정기용, Sasa[44] 김영은 김익현 최윤 ','약200여점 내외','무료','콜백뮤지엄','http://sema.seoul.go.kr/common/imageView?FILE_PATH=%2Fdata%2Fdisplay%2F&FILE_NM=20190114192849_a24d9586e52940108ca0db006a57d940_0ca3a209706244be8d6143650d8ac632');
Insert into MUSEUM.MU_EXHIBITION (EXHIB_IDX,EXHIB_SUBJECT,EXHIB_PERIOD_START,EXHIB_PERIOD_END,EXHIB_VENUE,EXHIB_ARTIST,EXHIB_ARTWORKS_CNT,EXHIB_ADMISSION,EXHIB_ORGANIZATION,EXHIB_THUMB_PATH) values (172,'2016난지아트쇼5 : 내/일을 위한 시간',to_date('2016/09/01','YYYY/MM/DD'),to_date('2016/09/11','YYYY/MM/DD'),'난지미술창작스튜디오','참여필자 : 배세은, 이성휘, 유은순, 윤민화, 전효경, 조은비','6','무료','주최 : 콜백뮤지엄','http://sema.seoul.go.kr/common/imageView?FILE_PATH=%2Fdata%2Fdisplay%2F&FILE_NM=20190114192849_521d910425a0476aadd4f8a6f1dcea75_e0cf279b9fb84b7e9dd383f2519e68e9');
Insert into MUSEUM.MU_EXHIBITION (EXHIB_IDX,EXHIB_SUBJECT,EXHIB_PERIOD_START,EXHIB_PERIOD_END,EXHIB_VENUE,EXHIB_ARTIST,EXHIB_ARTWORKS_CNT,EXHIB_ADMISSION,EXHIB_ORGANIZATION,EXHIB_THUMB_PATH) values (173,'2016난지아트쇼4 : 프리-마이크로시티랩 (Pre-Micro City Lab)',to_date('2016/09/01','YYYY/MM/DD'),to_date('2016/09/11','YYYY/MM/DD'),'난지미술창작스튜디오','난지10기 : 권용주, 허태원 / 외부참여 : 무스퀴퀴 취잉, 정이삭, 줄리앙 코와네, Cie. 빌리 도르너, 움베르토 두크, 플로리안 골드만, 공석민, 이아람, 리슨투더시티, 모토엘라스티코, 피플즈 아키텍처 오피스, 아그네스카 포크리카, 손혜민 X 존리어든, 젯사다 땅뜨라쿤웡, 언메이크랩 ','null','무료','주최 : 콜백뮤지엄','http://sema.seoul.go.kr/common/imageView?FILE_PATH=%2Fdata%2Fdisplay%2F&FILE_NM=20190114192846_0867b2cfb6d749b08033d61de05db0e3_f824d7369a8d47f4bcc79bf6be70de59');
Insert into MUSEUM.MU_EXHIBITION (EXHIB_IDX,EXHIB_SUBJECT,EXHIB_PERIOD_START,EXHIB_PERIOD_END,EXHIB_VENUE,EXHIB_ARTIST,EXHIB_ARTWORKS_CNT,EXHIB_ADMISSION,EXHIB_ORGANIZATION,EXHIB_THUMB_PATH) values (178,'2016 타이틀 매치 : 주재환 vs 김동규                     (빛나는 폭력, 눈감는 별빛)',to_date('2016/07/26','YYYY/MM/DD'),to_date('2016/10/16','YYYY/MM/DD'),'콜백뮤지엄','주재환, 김동규','20여 점','무료','콜백뮤지엄','http://sema.seoul.go.kr/common/imageView?FILE_PATH=%2Fdata%2Fdisplay%2F&FILE_NM=20190114192846_99dc6c56a637415fa1b2cd1dadb9097b_3d2c342af8c0402ea087e244d63585ec');
Insert into MUSEUM.MU_EXHIBITION (EXHIB_IDX,EXHIB_SUBJECT,EXHIB_PERIOD_START,EXHIB_PERIOD_END,EXHIB_VENUE,EXHIB_ARTIST,EXHIB_ARTWORKS_CNT,EXHIB_ADMISSION,EXHIB_ORGANIZATION,EXHIB_THUMB_PATH) values (179,'동북부 미술대학 연계 발굴 프로젝트: 낯선 이웃들',to_date('2016/07/22','YYYY/MM/DD'),to_date('2016/10/16','YYYY/MM/DD'),'콜백뮤지엄','참여학교(팀명) : 국민대학교(02-910), 덕성여자대학교(산책자들), 동덕여자대학교(가온누리), 서울과학기술대학교(페파쿠라),  서울여자대학교(오!아씨''s), 한국예술종합학교(독립연구)  ','20여 점 ','무료 관람','콜백뮤지엄','http://sema.seoul.go.kr/common/imageView?FILE_PATH=%2Fdata%2Fdisplay%2F&FILE_NM=20190114192846_4231a88cc7cd4506ac02d629175fba9e_7b8fb59c787d4fcab2c347da5a49dd6c');
Insert into MUSEUM.MU_EXHIBITION (EXHIB_IDX,EXHIB_SUBJECT,EXHIB_PERIOD_START,EXHIB_PERIOD_END,EXHIB_VENUE,EXHIB_ARTIST,EXHIB_ARTWORKS_CNT,EXHIB_ADMISSION,EXHIB_ORGANIZATION,EXHIB_THUMB_PATH) values (180,'2016  대외협력전시 <SeMA Collection : 식물채집_Botanicals>',to_date('2016/07/20','YYYY/MM/DD'),to_date('2016/08/18','YYYY/MM/DD'),'도봉갤러리(도봉구민회관 1층 전시실)','박소영, 송명진, 안상수, 엄정윤, 여동헌, 이광호, 이숙자, 이용백, 정길재, 정소연, 주명덕, 하상림, 함연주, 황주리 총 14명','총 17점','무료','콜백뮤지엄, 도봉구청','http://sema.seoul.go.kr/common/imageView?FILE_PATH=%2Fdata%2Fdisplay%2F&FILE_NM=20190114192846_b9da25982ddb40fc8fc1b276e387850e_5f3c30b8770741599d17a7ea09358842');
Insert into MUSEUM.MU_EXHIBITION (EXHIB_IDX,EXHIB_SUBJECT,EXHIB_PERIOD_START,EXHIB_PERIOD_END,EXHIB_VENUE,EXHIB_ARTIST,EXHIB_ARTWORKS_CNT,EXHIB_ADMISSION,EXHIB_ORGANIZATION,EXHIB_THUMB_PATH) values (181,'2016 난지아트쇼 3 : 부끄럽고, 사소한',to_date('2016/06/30','YYYY/MM/DD'),to_date('2016/07/10','YYYY/MM/DD'),'난지미술창작스튜디오','권용주, 도로시엠윤, 성유삼, 염지혜, 허태원, 홍승희','null','무료','주최 : 콜백뮤지엄','http://sema.seoul.go.kr/common/imageView?FILE_PATH=%2Fdata%2Fdisplay%2F&FILE_NM=20190114192839_adfb7fa139c84370bde031d30681e4c7_38ff360c99e140bc873adda37d9f091f');
Insert into MUSEUM.MU_EXHIBITION (EXHIB_IDX,EXHIB_SUBJECT,EXHIB_PERIOD_START,EXHIB_PERIOD_END,EXHIB_VENUE,EXHIB_ARTIST,EXHIB_ARTWORKS_CNT,EXHIB_ADMISSION,EXHIB_ORGANIZATION,EXHIB_THUMB_PATH) values (182,'백남준 10주기 추모전 <백남준 ∞ 플럭서스>',to_date('2016/06/14','YYYY/MM/DD'),to_date('2016/07/31','YYYY/MM/DD'),'콜백뮤지엄','백남준, 김순기, 에릭 앤더슨, 존 케이지, 요셉 보이스 등','null','무료','null','http://sema.seoul.go.kr/common/imageView?FILE_PATH=%2Fdata%2Fdisplay%2F&FILE_NM=20190114192846_5f3414aadeef46dfa9eb91d3966cbe30_40678205fe184915aed5245a810d0533');
Insert into MUSEUM.MU_EXHIBITION (EXHIB_IDX,EXHIB_SUBJECT,EXHIB_PERIOD_START,EXHIB_PERIOD_END,EXHIB_VENUE,EXHIB_ARTIST,EXHIB_ARTWORKS_CNT,EXHIB_ADMISSION,EXHIB_ORGANIZATION,EXHIB_THUMB_PATH) values (183,'천경자 1주기 추모전 : 바람은 불어도 좋다 어차피 부는 바람이다',to_date('2016/06/14','YYYY/MM/DD'),to_date('2016/08/07','YYYY/MM/DD'),'콜백뮤지엄','천경자','107점','무료','null','http://sema.seoul.go.kr/common/imageView?FILE_PATH=%2Fdata%2Fdisplay%2F&FILE_NM=20190114192845_a3d6d9f95c4948ea8670a3d227bf2323_0ff52a410d494f5ca80bb10c99860871');
Insert into MUSEUM.MU_EXHIBITION (EXHIB_IDX,EXHIB_SUBJECT,EXHIB_PERIOD_START,EXHIB_PERIOD_END,EXHIB_VENUE,EXHIB_ARTIST,EXHIB_ARTWORKS_CNT,EXHIB_ADMISSION,EXHIB_ORGANIZATION,EXHIB_THUMB_PATH) values (184,'<박성원 유리조형>전',to_date('2016/06/07','YYYY/MM/DD'),to_date('2016/07/24','YYYY/MM/DD'),'콜백뮤지엄','박성원','60여 점','무료','콜백뮤지엄','http://sema.seoul.go.kr/common/imageView?FILE_PATH=%2Fdata%2Fdisplay%2F&FILE_NM=20190114192846_c4af5ac57f344e5081eeea7a384be34a_2a7acf6c3a9b4c8d9b715eb156beb2ec');
Insert into MUSEUM.MU_EXHIBITION (EXHIB_IDX,EXHIB_SUBJECT,EXHIB_PERIOD_START,EXHIB_PERIOD_END,EXHIB_VENUE,EXHIB_ARTIST,EXHIB_ARTWORKS_CNT,EXHIB_ADMISSION,EXHIB_ORGANIZATION,EXHIB_THUMB_PATH) values (185,'제21회 사)한국민화협회 회원전',to_date('2016/05/25','YYYY/MM/DD'),to_date('2016/05/29','YYYY/MM/DD'),'서울시립경희궁미술관(전관)','null','약 389점','무료','null','http://sema.seoul.go.kr/common/imageView?FILE_PATH=%2Fdata%2Fdisplay%2F&FILE_NM=20190114192847_16aea4512984486abfd1d3154acd976c_cb2e77962afe44c69ef7c6e9397e1116');
Insert into MUSEUM.MU_EXHIBITION (EXHIB_IDX,EXHIB_SUBJECT,EXHIB_PERIOD_START,EXHIB_PERIOD_END,EXHIB_VENUE,EXHIB_ARTIST,EXHIB_ARTWORKS_CNT,EXHIB_ADMISSION,EXHIB_ORGANIZATION,EXHIB_THUMB_PATH) values (186,'2016  대외협력전시 <SeMA Collection : 식물채집_Botanicals> ',to_date('2016/05/25','YYYY/MM/DD'),to_date('2016/06/23','YYYY/MM/DD'),'금천구청 금나래아트홀 갤러리','박소영, 송명진, 안상수, 엄정윤, 여동헌, 이광호, 이숙자, 이용백, 정길재, 정소연, 주명덕, 하상림, 함연주, 황주리 총 14명 ','총 17점','무료','콜백뮤지엄, 금천구청','http://sema.seoul.go.kr/common/imageView?FILE_PATH=%2Fdata%2Fdisplay%2F&FILE_NM=20190114192847_6b51c5ae6c0d4218a9315fd6c0910b7f_1496805d02aa49138b47b0d61bf9709f');
Insert into MUSEUM.MU_EXHIBITION (EXHIB_IDX,EXHIB_SUBJECT,EXHIB_PERIOD_START,EXHIB_PERIOD_END,EXHIB_VENUE,EXHIB_ARTIST,EXHIB_ARTWORKS_CNT,EXHIB_ADMISSION,EXHIB_ORGANIZATION,EXHIB_THUMB_PATH) values (187,'2016난지아트쇼II : 회화극장',to_date('2016/05/19','YYYY/MM/DD'),to_date('2016/05/29','YYYY/MM/DD'),'난지미술창작스튜디오','박윤경, 배윤환, 신현정, 임현정, 허수영, 허태원','null','무료','주최: 콜백뮤지엄기획: 허수영(난지 10기)','http://sema.seoul.go.kr/common/imageView?FILE_PATH=%2Fdata%2Fdisplay%2F&FILE_NM=20190114192846_e95a8da011a340cf831a7dbf1daf2eef_944c99befd7a4398a954804fec6d8616');
Insert into MUSEUM.MU_EXHIBITION (EXHIB_IDX,EXHIB_SUBJECT,EXHIB_PERIOD_START,EXHIB_PERIOD_END,EXHIB_VENUE,EXHIB_ARTIST,EXHIB_ARTWORKS_CNT,EXHIB_ADMISSION,EXHIB_ORGANIZATION,EXHIB_THUMB_PATH) values (188,'중・한 묵연전',to_date('2016/05/18','YYYY/MM/DD'),to_date('2016/05/20','YYYY/MM/DD'),'서울시립경희궁미술관(1관)','null','약 40여점 이상','무료','null','http://sema.seoul.go.kr/common/imageView?FILE_PATH=%2Fdata%2Fdisplay%2F&FILE_NM=20190114192847_8e07940f05c44db49dc02d41756e6f1e_29b49a352e05409cac5f68da0b420b52');
Insert into MUSEUM.MU_EXHIBITION (EXHIB_IDX,EXHIB_SUBJECT,EXHIB_PERIOD_START,EXHIB_PERIOD_END,EXHIB_VENUE,EXHIB_ARTIST,EXHIB_ARTWORKS_CNT,EXHIB_ADMISSION,EXHIB_ORGANIZATION,EXHIB_THUMB_PATH) values (189,'사회 속 미술 - 행복의 나라',to_date('2016/05/10','YYYY/MM/DD'),to_date('2016/07/06','YYYY/MM/DD'),'콜백뮤지엄','강상훈 강홍구 고승욱 공성훈 김경인 김동원 김상돈 김인순 김정헌 김지평 노순택 노재운 리슨투더시티  믹스라이스 민정기 박불똥 박이소 박찬경 배영환 Sasa[44] 서용선 손기환 손장섭 송상희 신학철 안규철 안창홍 양아치 오원배 오윤 옥인콜렉티브 윤석남 이명복 이종구 임옥상 임흥순 정동석 정윤석 정정엽 조습 조해준 주재환 최민화 최원준 최정화 최진욱 플라잉시티 함경아 홍성담 홍성민 홍진훤 황세준 황재형','70여점','무료','null','http://sema.seoul.go.kr/common/imageView?FILE_PATH=%2Fdata%2Fdisplay%2F&FILE_NM=20190114192845_7d5a3456300f4de9a9dc1cc433c040b7_f1cfa2bbbfa14861921f68c5a1e7d5d9');
Insert into MUSEUM.MU_EXHIBITION (EXHIB_IDX,EXHIB_SUBJECT,EXHIB_PERIOD_START,EXHIB_PERIOD_END,EXHIB_VENUE,EXHIB_ARTIST,EXHIB_ARTWORKS_CNT,EXHIB_ADMISSION,EXHIB_ORGANIZATION,EXHIB_THUMB_PATH) values (190,'제11회 대한민국서예문인화원로 총연합회전',to_date('2016/05/04','YYYY/MM/DD'),to_date('2016/05/08','YYYY/MM/DD'),'서울시립경희궁미술관(1관)','null','150여점','무료','null','http://sema.seoul.go.kr/common/imageView?FILE_PATH=%2Fdata%2Fdisplay%2F&FILE_NM=20190114192846_f8e056d0570342d2b94106b9376d2869_7c2afa72a51e49319276dc84ddcb9154');
Insert into MUSEUM.MU_EXHIBITION (EXHIB_IDX,EXHIB_SUBJECT,EXHIB_PERIOD_START,EXHIB_PERIOD_END,EXHIB_VENUE,EXHIB_ARTIST,EXHIB_ARTWORKS_CNT,EXHIB_ADMISSION,EXHIB_ORGANIZATION,EXHIB_THUMB_PATH) values (174,'SeMA 비엔날레 <미디어시티서울> 2016',to_date('2016/09/01','YYYY/MM/DD'),to_date('2016/11/20','YYYY/MM/DD'),'콜백뮤지엄','24개국 61명/팀','null','무료','null','http://sema.seoul.go.kr/common/imageView?FILE_PATH=%2Fdata%2Fdisplay%2F&FILE_NM=20190114192849_5a3820ec6b2e4129b91d90f8d65e21fc_a68875a1daa54b4bb70f18f49dccecff');
Insert into MUSEUM.MU_EXHIBITION (EXHIB_IDX,EXHIB_SUBJECT,EXHIB_PERIOD_START,EXHIB_PERIOD_END,EXHIB_VENUE,EXHIB_ARTIST,EXHIB_ARTWORKS_CNT,EXHIB_ADMISSION,EXHIB_ORGANIZATION,EXHIB_THUMB_PATH) values (175,'제35회 사단법인 현대한국화협회전',to_date('2016/08/31','YYYY/MM/DD'),to_date('2016/09/04','YYYY/MM/DD'),'서울시립경희궁미술관(전관)','null','140여점','관람료 무료','null','http://sema.seoul.go.kr/common/imageView?FILE_PATH=%2Fdata%2Fdisplay%2F&FILE_NM=20190114192846_16e1217f22454b15aebbcf8d707b5fa9_fea0c336bed14c2abb3ea032eea034b7');
Insert into MUSEUM.MU_EXHIBITION (EXHIB_IDX,EXHIB_SUBJECT,EXHIB_PERIOD_START,EXHIB_PERIOD_END,EXHIB_VENUE,EXHIB_ARTIST,EXHIB_ARTWORKS_CNT,EXHIB_ADMISSION,EXHIB_ORGANIZATION,EXHIB_THUMB_PATH) values (176,'SeMA기증작가초대전 <강봉규의 사진: 인간극장>',to_date('2016/08/25','YYYY/MM/DD'),to_date('2016/12/18','YYYY/MM/DD'),'콜백뮤지엄','null','50여점','무료','null','http://sema.seoul.go.kr/common/imageView?FILE_PATH=%2Fdata%2Fdisplay%2F&FILE_NM=20190114192847_5b87cbe078fe43ffa1350349970c2747_6b8254c0afd8400197a94d2fc0e38a08');
Insert into MUSEUM.MU_EXHIBITION (EXHIB_IDX,EXHIB_SUBJECT,EXHIB_PERIOD_START,EXHIB_PERIOD_END,EXHIB_VENUE,EXHIB_ARTIST,EXHIB_ARTWORKS_CNT,EXHIB_ADMISSION,EXHIB_ORGANIZATION,EXHIB_THUMB_PATH) values (177,'영원한 나르시시스트, 천경자',to_date('2016/08/16','YYYY/MM/DD'),to_date('2021/12/31','YYYY/MM/DD'),'콜백뮤지엄','천경자','20여점','무료','콜백뮤지엄','http://sema.seoul.go.kr/common/imageView?FILE_PATH=%2Fex%2FEXI01%2F2020%2F&FILE_NM=20201230111153_5fa67bce31fd47db97f0897c9ad8ab31_66f28dd58f714849be4853a8c1c87a2a');
Insert into MUSEUM.MU_EXHIBITION (EXHIB_IDX,EXHIB_SUBJECT,EXHIB_PERIOD_START,EXHIB_PERIOD_END,EXHIB_VENUE,EXHIB_ARTIST,EXHIB_ARTWORKS_CNT,EXHIB_ADMISSION,EXHIB_ORGANIZATION,EXHIB_THUMB_PATH) values (169,'2016 서울사진축제 <서울 新아리랑>',to_date('2016/11/01','YYYY/MM/DD'),to_date('2016/11/30','YYYY/MM/DD'),'콜백뮤지엄','김태동, 고정남, 김규식, 김상돈, 김홍식, 문소현, 박현두, 박형렬, 성지연, 송호철, 안옥현, 양철모, 옥정호, 원범식, 유비호, 임노아, 정기수, 정지현, 조이경, 조준용, 한성필, 황규태','null','null','주최: 서울특별시, 콜백뮤지엄','http://sema.seoul.go.kr/common/imageView?FILE_PATH=%2Fdata%2Fdisplay%2F&FILE_NM=20190114192848_d946573bea11451c80ca3bc8f4494d7f_7eb5fa5e14004c9e880a0a2a96494576');
Insert into MUSEUM.MU_EXHIBITION (EXHIB_IDX,EXHIB_SUBJECT,EXHIB_PERIOD_START,EXHIB_PERIOD_END,EXHIB_VENUE,EXHIB_ARTIST,EXHIB_ARTWORKS_CNT,EXHIB_ADMISSION,EXHIB_ORGANIZATION,EXHIB_THUMB_PATH) values (170,'2016  대외협력전시 <SeMA Collection : 집요한 손_Tenacious Hands>',to_date('2016/10/25','YYYY/MM/DD'),to_date('2016/11/20','YYYY/MM/DD'),'성북구립미술관 제1전시실(3F)','고산금, 김동유, 도윤희, 양주혜, 오윤석, 유봉상, 유승호, 이동재, 정현숙, 함연주, 허현숙 & #40;총 11명& #41;','13점','무료','콜백뮤지엄, 성북구립미술관','http://sema.seoul.go.kr/common/imageView?FILE_PATH=%2Fdata%2Fdisplay%2F&FILE_NM=20190114192849_329800911cdf40a3bea9b6fcb1d94a94_0c1a0cce36ae4c1ea0388fb1058d9994');
Insert into MUSEUM.MU_EXHIBITION (EXHIB_IDX,EXHIB_SUBJECT,EXHIB_PERIOD_START,EXHIB_PERIOD_END,EXHIB_VENUE,EXHIB_ARTIST,EXHIB_ARTWORKS_CNT,EXHIB_ADMISSION,EXHIB_ORGANIZATION,EXHIB_THUMB_PATH) values (171,'2016 난지아트쇼 6 : 거미가 줄을 타는 이유',to_date('2016/10/06','YYYY/MM/DD'),to_date('2016/10/16','YYYY/MM/DD'),'난지미술창작스튜디오','권혜원, 박보나, 박윤경, 신형섭, 임현정, 허수영, 홍승희 ','null','무료','주최 : 콜백뮤지엄','http://sema.seoul.go.kr/common/imageView?FILE_PATH=%2Fdata%2Fdisplay%2F&FILE_NM=20190114192849_a342ef66a1854d18bf10c90f63a74820_1db9f3fb776b490191ade53b8ca6a593');
Insert into MUSEUM.MU_EXHIBITION (EXHIB_IDX,EXHIB_SUBJECT,EXHIB_PERIOD_START,EXHIB_PERIOD_END,EXHIB_VENUE,EXHIB_ARTIST,EXHIB_ARTWORKS_CNT,EXHIB_ADMISSION,EXHIB_ORGANIZATION,EXHIB_THUMB_PATH) values (191,'이주용 사진관',to_date('2016/05/03','YYYY/MM/DD'),to_date('2016/08/15','YYYY/MM/DD'),'콜백뮤지엄','이주용','100여점','무료','콜백뮤지엄','http://sema.seoul.go.kr/common/imageView?FILE_PATH=%2Fdata%2Fdisplay%2F&FILE_NM=20190114192845_2b24624cece940b183563650c839199d_ce24a1109f484ee185a49ab2c5f790f4');
Insert into MUSEUM.MU_EXHIBITION (EXHIB_IDX,EXHIB_SUBJECT,EXHIB_PERIOD_START,EXHIB_PERIOD_END,EXHIB_VENUE,EXHIB_ARTIST,EXHIB_ARTWORKS_CNT,EXHIB_ADMISSION,EXHIB_ORGANIZATION,EXHIB_THUMB_PATH) values (192,'가나아트 컬렉션 앤솔러지',to_date('2016/05/03','YYYY/MM/DD'),to_date('2017/09/04','YYYY/MM/DD'),'콜백뮤지엄','강요배, 권순철, 김봉준, 김용태, 김정헌, 김호득, 김호석, 민정기, 박불똥, 손상기 24명','28점','무료','null','http://sema.seoul.go.kr/common/imageView?FILE_PATH=%2Fdata%2Fdisplay%2F&FILE_NM=20190114192845_886884c25f7a4832bd84c2c9e71785b4_1ab908f63a3c437f90cb4cdfa9eb2875');
REM INSERTING into MUSEUM.MU_FAQ
SET DEFINE OFF;
Insert into MUSEUM.MU_FAQ (FAQ_IDX,FAQ_CATEGORY,FAQ_QUESTION,FAQ_DEL_STATUS) values (1,'교통','콜백뮤지엄의 위치 및 교통편을 안내해주세요.',null);
Insert into MUSEUM.MU_FAQ (FAQ_IDX,FAQ_CATEGORY,FAQ_QUESTION,FAQ_DEL_STATUS) values (2,'교통','주차시설을 안내해주세요.',null);
Insert into MUSEUM.MU_FAQ (FAQ_IDX,FAQ_CATEGORY,FAQ_QUESTION,FAQ_DEL_STATUS) values (3,'관람','콜백뮤지엄의 전시 관람료는 얼마인가요?',null);
Insert into MUSEUM.MU_FAQ (FAQ_IDX,FAQ_CATEGORY,FAQ_QUESTION,FAQ_DEL_STATUS) values (4,'관람','관람시간 및 휴관일은 어떻게 됩니까?',null);
Insert into MUSEUM.MU_FAQ (FAQ_IDX,FAQ_CATEGORY,FAQ_QUESTION,FAQ_DEL_STATUS) values (5,'관람','단체관람을 가고 싶습니다. 신청을 어떻게 해야 하나요?',null);
Insert into MUSEUM.MU_FAQ (FAQ_IDX,FAQ_CATEGORY,FAQ_QUESTION,FAQ_DEL_STATUS) values (6,'관람','전시실의 작품 촬영이 가능하나요?',null);
Insert into MUSEUM.MU_FAQ (FAQ_IDX,FAQ_CATEGORY,FAQ_QUESTION,FAQ_DEL_STATUS) values (7,'관람','전시 관람을 하려면 사전 예약을 해야 하나요?',null);
Insert into MUSEUM.MU_FAQ (FAQ_IDX,FAQ_CATEGORY,FAQ_QUESTION,FAQ_DEL_STATUS) values (8,'관람','지정한 날짜 이외에 다른 날짜에 발권이 가능한가요?',null);
Insert into MUSEUM.MU_FAQ (FAQ_IDX,FAQ_CATEGORY,FAQ_QUESTION,FAQ_DEL_STATUS) values (9,'관람','예약한 시간에만 입장이 가능한가요?',null);
REM INSERTING into MUSEUM.MU_INQUIRY
SET DEFINE OFF;
Insert into MUSEUM.MU_INQUIRY (INQ_NUM,INQ_CATEGORY_IDX,INQ_CATEGORY,INQ_SUBJECT,INQ_WRITER,INQ_DEL_STATUS,INQ_DATE,INQ_ADMIN_WRITER,INQ_ANS_DATE) values (2,'01','일반','ㅁㅁ','이담영',1,to_date('2021/02/23','YYYY/MM/DD'),null,null);
Insert into MUSEUM.MU_INQUIRY (INQ_NUM,INQ_CATEGORY_IDX,INQ_CATEGORY,INQ_SUBJECT,INQ_WRITER,INQ_DEL_STATUS,INQ_DATE,INQ_ADMIN_WRITER,INQ_ANS_DATE) values (3,'04','홈페이지','작품설명 관련해서 궁금한점 있습니다.','김규민',0,to_date('2021/02/24','YYYY/MM/DD'),null,null);
Insert into MUSEUM.MU_INQUIRY (INQ_NUM,INQ_CATEGORY_IDX,INQ_CATEGORY,INQ_SUBJECT,INQ_WRITER,INQ_DEL_STATUS,INQ_DATE,INQ_ADMIN_WRITER,INQ_ANS_DATE) values (4,'08','기타문의','소장품 구매 문의 (티셔츠)','이민지',0,to_date('2021/02/24','YYYY/MM/DD'),null,null);
Insert into MUSEUM.MU_INQUIRY (INQ_NUM,INQ_CATEGORY_IDX,INQ_CATEGORY,INQ_SUBJECT,INQ_WRITER,INQ_DEL_STATUS,INQ_DATE,INQ_ADMIN_WRITER,INQ_ANS_DATE) values (5,'01','일반','매점이용','김규민',0,to_date('2021/02/24','YYYY/MM/DD'),null,null);
Insert into MUSEUM.MU_INQUIRY (INQ_NUM,INQ_CATEGORY_IDX,INQ_CATEGORY,INQ_SUBJECT,INQ_WRITER,INQ_DEL_STATUS,INQ_DATE,INQ_ADMIN_WRITER,INQ_ANS_DATE) values (6,'01','일반','반려견 입장 허용 문의합니다','이담영',0,to_date('2021/02/24','YYYY/MM/DD'),null,null);
Insert into MUSEUM.MU_INQUIRY (INQ_NUM,INQ_CATEGORY_IDX,INQ_CATEGORY,INQ_SUBJECT,INQ_WRITER,INQ_DEL_STATUS,INQ_DATE,INQ_ADMIN_WRITER,INQ_ANS_DATE) values (7,'01','일반','전시작품 관련','신동호',0,to_date('2021/02/24','YYYY/MM/DD'),null,null);
Insert into MUSEUM.MU_INQUIRY (INQ_NUM,INQ_CATEGORY_IDX,INQ_CATEGORY,INQ_SUBJECT,INQ_WRITER,INQ_DEL_STATUS,INQ_DATE,INQ_ADMIN_WRITER,INQ_ANS_DATE) values (8,'01','일반','창작스튜디오 작업공간','윤미노',0,to_date('2021/02/24','YYYY/MM/DD'),null,null);
Insert into MUSEUM.MU_INQUIRY (INQ_NUM,INQ_CATEGORY_IDX,INQ_CATEGORY,INQ_SUBJECT,INQ_WRITER,INQ_DEL_STATUS,INQ_DATE,INQ_ADMIN_WRITER,INQ_ANS_DATE) values (9,'05','예약','공간대여','김규민',0,to_date('2021/02/24','YYYY/MM/DD'),null,null);
Insert into MUSEUM.MU_INQUIRY (INQ_NUM,INQ_CATEGORY_IDX,INQ_CATEGORY,INQ_SUBJECT,INQ_WRITER,INQ_DEL_STATUS,INQ_DATE,INQ_ADMIN_WRITER,INQ_ANS_DATE) values (10,'01','일반','일요일 미술관 영업','김규민',0,to_date('2021/02/24','YYYY/MM/DD'),null,null);
Insert into MUSEUM.MU_INQUIRY (INQ_NUM,INQ_CATEGORY_IDX,INQ_CATEGORY,INQ_SUBJECT,INQ_WRITER,INQ_DEL_STATUS,INQ_DATE,INQ_ADMIN_WRITER,INQ_ANS_DATE) values (11,'08','기타','코로나인데 영업 하나요??','김규민',0,to_date('2021/02/24','YYYY/MM/DD'),null,null);
Insert into MUSEUM.MU_INQUIRY (INQ_NUM,INQ_CATEGORY_IDX,INQ_CATEGORY,INQ_SUBJECT,INQ_WRITER,INQ_DEL_STATUS,INQ_DATE,INQ_ADMIN_WRITER,INQ_ANS_DATE) values (12,'07','대관','전시회 출품 및 대관 관련 문의','김규민',0,to_date('2021/02/24','YYYY/MM/DD'),null,null);
Insert into MUSEUM.MU_INQUIRY (INQ_NUM,INQ_CATEGORY_IDX,INQ_CATEGORY,INQ_SUBJECT,INQ_WRITER,INQ_DEL_STATUS,INQ_DATE,INQ_ADMIN_WRITER,INQ_ANS_DATE) values (13,'06','홍보','전시회 홍보 문의관련','김규민',0,to_date('2021/02/24','YYYY/MM/DD'),null,null);
Insert into MUSEUM.MU_INQUIRY (INQ_NUM,INQ_CATEGORY_IDX,INQ_CATEGORY,INQ_SUBJECT,INQ_WRITER,INQ_DEL_STATUS,INQ_DATE,INQ_ADMIN_WRITER,INQ_ANS_DATE) values (14,'08','기타','소장품 구매 (포스터)','김규민',0,to_date('2021/02/24','YYYY/MM/DD'),null,null);
Insert into MUSEUM.MU_INQUIRY (INQ_NUM,INQ_CATEGORY_IDX,INQ_CATEGORY,INQ_SUBJECT,INQ_WRITER,INQ_DEL_STATUS,INQ_DATE,INQ_ADMIN_WRITER,INQ_ANS_DATE) values (15,'03','예약','단체 관람 예약합니다.','김규민',0,to_date('2021/02/24','YYYY/MM/DD'),null,null);
Insert into MUSEUM.MU_INQUIRY (INQ_NUM,INQ_CATEGORY_IDX,INQ_CATEGORY,INQ_SUBJECT,INQ_WRITER,INQ_DEL_STATUS,INQ_DATE,INQ_ADMIN_WRITER,INQ_ANS_DATE) values (16,'08','기타','기업·기관 상품 구매','김규민',0,to_date('2021/02/24','YYYY/MM/DD'),null,null);
Insert into MUSEUM.MU_INQUIRY (INQ_NUM,INQ_CATEGORY_IDX,INQ_CATEGORY,INQ_SUBJECT,INQ_WRITER,INQ_DEL_STATUS,INQ_DATE,INQ_ADMIN_WRITER,INQ_ANS_DATE) values (17,'03','교육','어린이 교육 프로그램 관련 문의합니다','신동호',0,to_date('2021/02/24','YYYY/MM/DD'),null,null);
Insert into MUSEUM.MU_INQUIRY (INQ_NUM,INQ_CATEGORY_IDX,INQ_CATEGORY,INQ_SUBJECT,INQ_WRITER,INQ_DEL_STATUS,INQ_DATE,INQ_ADMIN_WRITER,INQ_ANS_DATE) values (18,'05','예약','코로나인데 영업 하나요??','신동호',0,to_date('2021/02/24','YYYY/MM/DD'),null,null);
Insert into MUSEUM.MU_INQUIRY (INQ_NUM,INQ_CATEGORY_IDX,INQ_CATEGORY,INQ_SUBJECT,INQ_WRITER,INQ_DEL_STATUS,INQ_DATE,INQ_ADMIN_WRITER,INQ_ANS_DATE) values (19,'08','기타','소장품 구매 (포스터)','최진아',0,to_date('2021/02/24','YYYY/MM/DD'),null,null);
Insert into MUSEUM.MU_INQUIRY (INQ_NUM,INQ_CATEGORY_IDX,INQ_CATEGORY,INQ_SUBJECT,INQ_WRITER,INQ_DEL_STATUS,INQ_DATE,INQ_ADMIN_WRITER,INQ_ANS_DATE) values (20,'04','홈페이지','주말 영업여부','김귀영',0,to_date('2021/02/24','YYYY/MM/DD'),null,null);
Insert into MUSEUM.MU_INQUIRY (INQ_NUM,INQ_CATEGORY_IDX,INQ_CATEGORY,INQ_SUBJECT,INQ_WRITER,INQ_DEL_STATUS,INQ_DATE,INQ_ADMIN_WRITER,INQ_ANS_DATE) values (21,'05','예약','청소년 특별 워크숍','최진아',0,to_date('2021/02/24','YYYY/MM/DD'),null,null);
Insert into MUSEUM.MU_INQUIRY (INQ_NUM,INQ_CATEGORY_IDX,INQ_CATEGORY,INQ_SUBJECT,INQ_WRITER,INQ_DEL_STATUS,INQ_DATE,INQ_ADMIN_WRITER,INQ_ANS_DATE) values (22,'08','기타문의','설치미술 전시 관련','임하나',0,to_date('2021/02/24','YYYY/MM/DD'),'홍보 담당자',to_date('2021/02/25','YYYY/MM/DD'));
Insert into MUSEUM.MU_INQUIRY (INQ_NUM,INQ_CATEGORY_IDX,INQ_CATEGORY,INQ_SUBJECT,INQ_WRITER,INQ_DEL_STATUS,INQ_DATE,INQ_ADMIN_WRITER,INQ_ANS_DATE) values (23,'01','일반','도슨트 양성 프로그램 교육과정','이담영',0,to_date('2021/02/24','YYYY/MM/DD'),null,null);
Insert into MUSEUM.MU_INQUIRY (INQ_NUM,INQ_CATEGORY_IDX,INQ_CATEGORY,INQ_SUBJECT,INQ_WRITER,INQ_DEL_STATUS,INQ_DATE,INQ_ADMIN_WRITER,INQ_ANS_DATE) values (24,'04','홈페이지','윤형근 아트프린트 구매문의','이민지',0,to_date('2021/02/24','YYYY/MM/DD'),null,null);
Insert into MUSEUM.MU_INQUIRY (INQ_NUM,INQ_CATEGORY_IDX,INQ_CATEGORY,INQ_SUBJECT,INQ_WRITER,INQ_DEL_STATUS,INQ_DATE,INQ_ADMIN_WRITER,INQ_ANS_DATE) values (25,'08','기타','고양 레지던시 국내 입주작가 공모 합격','박주민',0,to_date('2021/02/24','YYYY/MM/DD'),null,null);
Insert into MUSEUM.MU_INQUIRY (INQ_NUM,INQ_CATEGORY_IDX,INQ_CATEGORY,INQ_SUBJECT,INQ_WRITER,INQ_DEL_STATUS,INQ_DATE,INQ_ADMIN_WRITER,INQ_ANS_DATE) values (26,'01','일반','건물 내 손 소독제 배치','이민지',0,to_date('2021/02/24','YYYY/MM/DD'),null,null);
Insert into MUSEUM.MU_INQUIRY (INQ_NUM,INQ_CATEGORY_IDX,INQ_CATEGORY,INQ_SUBJECT,INQ_WRITER,INQ_DEL_STATUS,INQ_DATE,INQ_ADMIN_WRITER,INQ_ANS_DATE) values (27,'08','기타문의','어린이미술관 휴관','이민지',0,to_date('2021/02/24','YYYY/MM/DD'),null,null);
Insert into MUSEUM.MU_INQUIRY (INQ_NUM,INQ_CATEGORY_IDX,INQ_CATEGORY,INQ_SUBJECT,INQ_WRITER,INQ_DEL_STATUS,INQ_DATE,INQ_ADMIN_WRITER,INQ_ANS_DATE) values (28,'04','홈페이지','회원정보 수정 오류','이민지',0,to_date('2021/02/24','YYYY/MM/DD'),'홈페이지 담당자',to_date('2021/02/24','YYYY/MM/DD'));
Insert into MUSEUM.MU_INQUIRY (INQ_NUM,INQ_CATEGORY_IDX,INQ_CATEGORY,INQ_SUBJECT,INQ_WRITER,INQ_DEL_STATUS,INQ_DATE,INQ_ADMIN_WRITER,INQ_ANS_DATE) values (29,'04','홈페이지','테스트','임하나',0,to_date('2021/02/25','YYYY/MM/DD'),null,null);
Insert into MUSEUM.MU_INQUIRY (INQ_NUM,INQ_CATEGORY_IDX,INQ_CATEGORY,INQ_SUBJECT,INQ_WRITER,INQ_DEL_STATUS,INQ_DATE,INQ_ADMIN_WRITER,INQ_ANS_DATE) values (1,'01','일반','제목 수정','이담영',0,to_date('2021/02/23','YYYY/MM/DD'),'홍보 담당자',to_date('2021/02/23','YYYY/MM/DD'));
REM INSERTING into MUSEUM.MU_LEARN_DOC
SET DEFINE OFF;
Insert into MUSEUM.MU_LEARN_DOC (DOC_IDX,DOC_TEXT,DOC_FILENAME,DOC_FILELOCAL,EDU_DETIDX,EDU_IDX,DOC_STATUS) values (8,' <성聖과 속俗의 평형>이라는 주제로 작가의 작품세계와 관련하여 이야기','MMCA 레지던시 세미나 11. 이민하.pdf','eduadmin/image/MMCA 레지던시 세미나 11. 이민하.pdf',17,1,'LD01');
Insert into MUSEUM.MU_LEARN_DOC (DOC_IDX,DOC_TEXT,DOC_FILENAME,DOC_FILELOCAL,EDU_DETIDX,EDU_IDX,DOC_STATUS) values (9,'2021년 예비 전문인 연수프로그램-심화과정','예비전문인연수프로그램.pdf','eduadmin/image/예비전문인연수프로그램.pdf',12,1,'LD01');
Insert into MUSEUM.MU_LEARN_DOC (DOC_IDX,DOC_TEXT,DOC_FILENAME,DOC_FILELOCAL,EDU_DETIDX,EDU_IDX,DOC_STATUS) values (10,'2021년도 공·사립미술관 작품보존 역량 강화 교육','2021년 미술관 전문직 연수프로그램 참가 안내.pdf','eduadmin/image/2021년 미술관 전문직 연수프로그램 참가 안내.pdf',14,1,'LD01');
Insert into MUSEUM.MU_LEARN_DOC (DOC_IDX,DOC_TEXT,DOC_FILENAME,DOC_FILELOCAL,EDU_DETIDX,EDU_IDX,DOC_STATUS) values (11,'일반인 대상의 도슨트 양성프로그램','2021년 미술관 전문직 연수프로그램 참가 안내.pdf','eduadmin/image/2021년 미술관 전문직 연수프로그램 참가 안내.pdf',19,2,'LD01');
Insert into MUSEUM.MU_LEARN_DOC (DOC_IDX,DOC_TEXT,DOC_FILENAME,DOC_FILELOCAL,EDU_DETIDX,EDU_IDX,DOC_STATUS) values (12,'현대미술과 과학기술을 키워드로 진행되는 현대미술 특강 영상','MMCA하이라이트_초등_활동지.zip','eduadmin/image/MMCA하이라이트_초등_활동지.zip',22,3,'LD01');
REM INSERTING into MUSEUM.MU_MEMBER
SET DEFINE OFF;
Insert into MUSEUM.MU_MEMBER (MEM_ID,MEM_PWD,MEM_NAME,MEM_SEX,MEM_PHONE,MEM_CELLPHONE,MEM_EMAIL,MEM_ADDR,MEM_JOIN_STATUS) values ('kui0','rlarnldud','김귀영','female','051-152-2578','010-1264-7895','kui0_0@gmail.com','부산시 해운대구 우동','0');
Insert into MUSEUM.MU_MEMBER (MEM_ID,MEM_PWD,MEM_NAME,MEM_SEX,MEM_PHONE,MEM_CELLPHONE,MEM_EMAIL,MEM_ADDR,MEM_JOIN_STATUS) values ('jumin','qkrwnals','박주민','male','033-485-9754','010-5645-7845','jumin@naver.com','강원도 진기마을 975-64','0');
Insert into MUSEUM.MU_MEMBER (MEM_ID,MEM_PWD,MEM_NAME,MEM_SEX,MEM_PHONE,MEM_CELLPHONE,MEM_EMAIL,MEM_ADDR,MEM_JOIN_STATUS) values ('minji','dlalswl','이민지','female','064-805-6464','011-374-6452','guriguri@gmail.com','제주도 규리동 54-79','0');
Insert into MUSEUM.MU_MEMBER (MEM_ID,MEM_PWD,MEM_NAME,MEM_SEX,MEM_PHONE,MEM_CELLPHONE,MEM_EMAIL,MEM_ADDR,MEM_JOIN_STATUS) values ('admin','rhksflwk','관리자','female','02-','010-1212-4646','admin@callback.com',null,'0');
Insert into MUSEUM.MU_MEMBER (MEM_ID,MEM_PWD,MEM_NAME,MEM_SEX,MEM_PHONE,MEM_CELLPHONE,MEM_EMAIL,MEM_ADDR,MEM_JOIN_STATUS) values ('hana','dlagksk','임하나','female','02-','010-1212-1111','hana@callback.com','부산시 부산','1');
Insert into MUSEUM.MU_MEMBER (MEM_ID,MEM_PWD,MEM_NAME,MEM_SEX,MEM_PHONE,MEM_CELLPHONE,MEM_EMAIL,MEM_ADDR,MEM_JOIN_STATUS) values ('dongho','tlsehdgh','신동호','male','02-','010-7878-9090','dongho@hahahoho.com',null,'0');
Insert into MUSEUM.MU_MEMBER (MEM_ID,MEM_PWD,MEM_NAME,MEM_SEX,MEM_PHONE,MEM_CELLPHONE,MEM_EMAIL,MEM_ADDR,MEM_JOIN_STATUS) values ('mino','dbsalsgh','윤민호','male','02-','010-4545-1919','mino@develop.com',null,'0');
Insert into MUSEUM.MU_MEMBER (MEM_ID,MEM_PWD,MEM_NAME,MEM_SEX,MEM_PHONE,MEM_CELLPHONE,MEM_EMAIL,MEM_ADDR,MEM_JOIN_STATUS) values ('yuna','rnjsdbsk','권유나','female','02-','010-4545-1919',null,null,'0');
Insert into MUSEUM.MU_MEMBER (MEM_ID,MEM_PWD,MEM_NAME,MEM_SEX,MEM_PHONE,MEM_CELLPHONE,MEM_EMAIL,MEM_ADDR,MEM_JOIN_STATUS) values ('jinah','chlwlsdk','최진아','female','02-','010-9963-6399','jinah@bit.com',null,'0');
Insert into MUSEUM.MU_MEMBER (MEM_ID,MEM_PWD,MEM_NAME,MEM_SEX,MEM_PHONE,MEM_CELLPHONE,MEM_EMAIL,MEM_ADDR,MEM_JOIN_STATUS) values ('dam0','dlekadud','이담영','female','02-','010-5454-8888','dam0@work.com',null,'0');
Insert into MUSEUM.MU_MEMBER (MEM_ID,MEM_PWD,MEM_NAME,MEM_SEX,MEM_PHONE,MEM_CELLPHONE,MEM_EMAIL,MEM_ADDR,MEM_JOIN_STATUS) values ('daseul','wnektmf','주다슬','female','02-','010-9986-7878','daseul@gmail.com',null,'0');
Insert into MUSEUM.MU_MEMBER (MEM_ID,MEM_PWD,MEM_NAME,MEM_SEX,MEM_PHONE,MEM_CELLPHONE,MEM_EMAIL,MEM_ADDR,MEM_JOIN_STATUS) values ('sanghee','dltkdgml','이상희','male','02-','010-1568-7962','sanghee@query.com',null,'0');
Insert into MUSEUM.MU_MEMBER (MEM_ID,MEM_PWD,MEM_NAME,MEM_SEX,MEM_PHONE,MEM_CELLPHONE,MEM_EMAIL,MEM_ADDR,MEM_JOIN_STATUS) values ('jinyoung','tlswlsdud','신진영','female','02-','010-4545-1919','jinyoung@daum.net',null,'0');
Insert into MUSEUM.MU_MEMBER (MEM_ID,MEM_PWD,MEM_NAME,MEM_SEX,MEM_PHONE,MEM_CELLPHONE,MEM_EMAIL,MEM_ADDR,MEM_JOIN_STATUS) values ('jaedo','djawoeh','엄재도','male','02-','010-5689-4642','jaedo@bitcamp.com',null,'0');
Insert into MUSEUM.MU_MEMBER (MEM_ID,MEM_PWD,MEM_NAME,MEM_SEX,MEM_PHONE,MEM_CELLPHONE,MEM_EMAIL,MEM_ADDR,MEM_JOIN_STATUS) values ('hayan','qkrgkdis','박하얀','female','02-','010-1414-9630','hayan@tutoringo.com',null,'0');
Insert into MUSEUM.MU_MEMBER (MEM_ID,MEM_PWD,MEM_NAME,MEM_SEX,MEM_PHONE,MEM_CELLPHONE,MEM_EMAIL,MEM_ADDR,MEM_JOIN_STATUS) values ('dasom','dlektha','이다솜','female','02-','010-6454-7592','dasom@cheerup.com',null,'0');
Insert into MUSEUM.MU_MEMBER (MEM_ID,MEM_PWD,MEM_NAME,MEM_SEX,MEM_PHONE,MEM_CELLPHONE,MEM_EMAIL,MEM_ADDR,MEM_JOIN_STATUS) values ('yunhee','dnjsdbsgml','원윤희','male','02-','010-1234-9865','yunhee@work.com',null,'0');
Insert into MUSEUM.MU_MEMBER (MEM_ID,MEM_PWD,MEM_NAME,MEM_SEX,MEM_PHONE,MEM_CELLPHONE,MEM_EMAIL,MEM_ADDR,MEM_JOIN_STATUS) values ('kyumin','rlarbals','김규민','male','02-','010-1595-9515','kyumin@hanmail.net',null,'0');
Insert into MUSEUM.MU_MEMBER (MEM_ID,MEM_PWD,MEM_NAME,MEM_SEX,MEM_PHONE,MEM_CELLPHONE,MEM_EMAIL,MEM_ADDR,MEM_JOIN_STATUS) values ('somsom','somsom','임하나','female','02-','010-1111-1111',null,null,'0');
REM INSERTING into MUSEUM.MU_NOTICE
SET DEFINE OFF;
Insert into MUSEUM.MU_NOTICE (NOTI_IDX,NOTI_WRITER,NOTI_SUBJECT,NOTI_WRITE_DATE,NOTI_HIT,NOTI_DEL_STATUS) values (1,'admin','창동 미술창작스튜디오 제3기 입주작가(장기) 최종 합격자 발표',to_date('2004/08/06','YYYY/MM/DD'),159,null);
Insert into MUSEUM.MU_NOTICE (NOTI_IDX,NOTI_WRITER,NOTI_SUBJECT,NOTI_WRITE_DATE,NOTI_HIT,NOTI_DEL_STATUS) values (2,'admin','2005년도 기획전시 전문자원봉사자(도슨트)모집',to_date('2005/04/05','YYYY/MM/DD'),400,null);
Insert into MUSEUM.MU_NOTICE (NOTI_IDX,NOTI_WRITER,NOTI_SUBJECT,NOTI_WRITE_DATE,NOTI_HIT,NOTI_DEL_STATUS) values (3,'admin','8월 정기음악회 "클래식 데이트" 개최(광복 60주년 기념 음악회)',to_date('2005/08/22','YYYY/MM/DD'),803,null);
Insert into MUSEUM.MU_NOTICE (NOTI_IDX,NOTI_WRITER,NOTI_SUBJECT,NOTI_WRITE_DATE,NOTI_HIT,NOTI_DEL_STATUS) values (4,'admin','미술은행 소장품 기획전, 부산학생예술문화회관 《보이는 감각》 展 개최',to_date('2019/06/12','YYYY/MM/DD'),848,null);
Insert into MUSEUM.MU_NOTICE (NOTI_IDX,NOTI_WRITER,NOTI_SUBJECT,NOTI_WRITE_DATE,NOTI_HIT,NOTI_DEL_STATUS) values (5,'admin','2019 신진작가 프로그램: 예술집담 with 영남',to_date('2019/06/28','YYYY/MM/DD'),524,null);
Insert into MUSEUM.MU_NOTICE (NOTI_IDX,NOTI_WRITER,NOTI_SUBJECT,NOTI_WRITE_DATE,NOTI_HIT,NOTI_DEL_STATUS) values (6,'admin','<2018 아트 서포트> 분쟁피해아동 미술 심리 교육 지원 결과',to_date('2019/07/05','YYYY/MM/DD'),1026,null);
Insert into MUSEUM.MU_NOTICE (NOTI_IDX,NOTI_WRITER,NOTI_SUBJECT,NOTI_WRITE_DATE,NOTI_HIT,NOTI_DEL_STATUS) values (7,'admin','<2019 신진작가 프로그램: 예술집담> 개최',to_date('2019/07/15','YYYY/MM/DD'),429,null);
Insert into MUSEUM.MU_NOTICE (NOTI_IDX,NOTI_WRITER,NOTI_SUBJECT,NOTI_WRITE_DATE,NOTI_HIT,NOTI_DEL_STATUS) values (13,'admin','콜백뮤지엄 미술은행 소장품 기획전 - 홍천미술관 《보이는 감각》 展 개최',to_date('2019/08/01','YYYY/MM/DD'),614,null);
Insert into MUSEUM.MU_NOTICE (NOTI_IDX,NOTI_WRITER,NOTI_SUBJECT,NOTI_WRITE_DATE,NOTI_HIT,NOTI_DEL_STATUS) values (14,'admin','콜백뮤지엄 광복절 무료관람 실시 알림 (2019.8.15.(목))',to_date('2019/08/02','YYYY/MM/DD'),635,null);
Insert into MUSEUM.MU_NOTICE (NOTI_IDX,NOTI_WRITER,NOTI_SUBJECT,NOTI_WRITE_DATE,NOTI_HIT,NOTI_DEL_STATUS) values (15,'admin','콜백뮤지엄 추석 연휴 및 미술주간 무료관람 안내',to_date('2019/08/22','YYYY/MM/DD'),591,null);
Insert into MUSEUM.MU_NOTICE (NOTI_IDX,NOTI_WRITER,NOTI_SUBJECT,NOTI_WRITE_DATE,NOTI_HIT,NOTI_DEL_STATUS) values (16,'admin','콜백뮤지엄 개관 50주년 기념 무료관람 안내',to_date('2019/08/22','YYYY/MM/DD'),965,null);
Insert into MUSEUM.MU_NOTICE (NOTI_IDX,NOTI_WRITER,NOTI_SUBJECT,NOTI_WRITE_DATE,NOTI_HIT,NOTI_DEL_STATUS) values (18,'admin','추석 연휴(12~15일) 작품감상 프로그램 (전시해설) 안내',to_date('2019/09/02','YYYY/MM/DD'),647,null);
Insert into MUSEUM.MU_NOTICE (NOTI_IDX,NOTI_WRITER,NOTI_SUBJECT,NOTI_WRITE_DATE,NOTI_HIT,NOTI_DEL_STATUS) values (17,'admin','콜백뮤지엄 2019 CBMA 페스티벌 서포터즈(자원봉사자) 모집 공고',to_date('2019/08/27','YYYY/MM/DD'),949,null);
Insert into MUSEUM.MU_NOTICE (NOTI_IDX,NOTI_WRITER,NOTI_SUBJECT,NOTI_WRITE_DATE,NOTI_HIT,NOTI_DEL_STATUS) values (30,'admin','ss',to_date('2021/02/25','YYYY/MM/DD'),1,'DEL');
Insert into MUSEUM.MU_NOTICE (NOTI_IDX,NOTI_WRITER,NOTI_SUBJECT,NOTI_WRITE_DATE,NOTI_HIT,NOTI_DEL_STATUS) values (31,'admin','콜백뮤지엄 2019 CBMA 페스티벌 서포터즈(자원봉사자) 모집 공고',to_date('2021/02/25','YYYY/MM/DD'),0,'DEL');
REM INSERTING into MUSEUM.MU_REVIEW
SET DEFINE OFF;
Insert into MUSEUM.MU_REVIEW (REV_IDX,REV_CATEGORY,REV_WRITER,REV_SUBJECT,REV_WRITE_DATE,REV_FILE_NAME,REV_ORI_NAME,REV_HIT,REV_DEL_STATUS) values (33,'공연','hana','제발 공연 관람 예절을 지켜주세요!!!!',to_date('2020/03/05','YYYY/MM/DD'),null,null,744,null);
Insert into MUSEUM.MU_REVIEW (REV_IDX,REV_CATEGORY,REV_WRITER,REV_SUBJECT,REV_WRITE_DATE,REV_FILE_NAME,REV_ORI_NAME,REV_HIT,REV_DEL_STATUS) values (34,'전시','jaedo','정경화의 그래도 희망..',to_date('2020/01/05','YYYY/MM/DD'),null,null,580,null);
Insert into MUSEUM.MU_REVIEW (REV_IDX,REV_CATEGORY,REV_WRITER,REV_SUBJECT,REV_WRITE_DATE,REV_FILE_NAME,REV_ORI_NAME,REV_HIT,REV_DEL_STATUS) values (35,'전시','dasom','아름다운 모습들',to_date('2020/06/05','YYYY/MM/DD'),null,null,214,null);
Insert into MUSEUM.MU_REVIEW (REV_IDX,REV_CATEGORY,REV_WRITER,REV_SUBJECT,REV_WRITE_DATE,REV_FILE_NAME,REV_ORI_NAME,REV_HIT,REV_DEL_STATUS) values (36,'행사','sanghee','잔잔하고 아름다운 안산의 이야기_염전이야기',to_date('2020/04/05','YYYY/MM/DD'),null,null,502,null);
Insert into MUSEUM.MU_REVIEW (REV_IDX,REV_CATEGORY,REV_WRITER,REV_SUBJECT,REV_WRITE_DATE,REV_FILE_NAME,REV_ORI_NAME,REV_HIT,REV_DEL_STATUS) values (45,'공연','dam0','ㄴㄴ',to_date('2021/02/25','YYYY/MM/DD'),'display_03.jpg','display_03.jpg',1,'DEL');
Insert into MUSEUM.MU_REVIEW (REV_IDX,REV_CATEGORY,REV_WRITER,REV_SUBJECT,REV_WRITE_DATE,REV_FILE_NAME,REV_ORI_NAME,REV_HIT,REV_DEL_STATUS) values (46,'공연','dam0','a',to_date('2021/02/25','YYYY/MM/DD'),null,null,0,'DEL');
Insert into MUSEUM.MU_REVIEW (REV_IDX,REV_CATEGORY,REV_WRITER,REV_SUBJECT,REV_WRITE_DATE,REV_FILE_NAME,REV_ORI_NAME,REV_HIT,REV_DEL_STATUS) values (47,'행사','dongho','test',to_date('2021/02/25','YYYY/MM/DD'),'display_011.jpg','display_01.jpg',0,null);
Insert into MUSEUM.MU_REVIEW (REV_IDX,REV_CATEGORY,REV_WRITER,REV_SUBJECT,REV_WRITE_DATE,REV_FILE_NAME,REV_ORI_NAME,REV_HIT,REV_DEL_STATUS) values (44,'공연','dam0','test',to_date('2021/02/25','YYYY/MM/DD'),null,null,0,'DEL');
Insert into MUSEUM.MU_REVIEW (REV_IDX,REV_CATEGORY,REV_WRITER,REV_SUBJECT,REV_WRITE_DATE,REV_FILE_NAME,REV_ORI_NAME,REV_HIT,REV_DEL_STATUS) values (1,'전시','hana','도슨트님 아주 멋지세요 !!!',to_date('2018/01/10','YYYY/MM/DD'),'review_exhib_01.jpg','review_exhib_01.jpg',877,null);
Insert into MUSEUM.MU_REVIEW (REV_IDX,REV_CATEGORY,REV_WRITER,REV_SUBJECT,REV_WRITE_DATE,REV_FILE_NAME,REV_ORI_NAME,REV_HIT,REV_DEL_STATUS) values (2,'행사','mino','단원 김홍도의 예술세계와 현대적 확장성',to_date('2018/03/05','YYYY/MM/DD'),'review_event_01.jpg','review_event_01.jpg',784,null);
Insert into MUSEUM.MU_REVIEW (REV_IDX,REV_CATEGORY,REV_WRITER,REV_SUBJECT,REV_WRITE_DATE,REV_FILE_NAME,REV_ORI_NAME,REV_HIT,REV_DEL_STATUS) values (3,'공연','jinah','시립국악단 56회 정기 연주회',to_date('2018/05/20','YYYY/MM/DD'),'review_concert_01.jpg','review_concert_01.jpg',519,null);
Insert into MUSEUM.MU_REVIEW (REV_IDX,REV_CATEGORY,REV_WRITER,REV_SUBJECT,REV_WRITE_DATE,REV_FILE_NAME,REV_ORI_NAME,REV_HIT,REV_DEL_STATUS) values (4,'전시','dam0','수만가지색 오만가지 장미를 관람하고',to_date('2018/06/08','YYYY/MM/DD'),'review_exhib_02.jpg','review_exhib_02.jpg',414,null);
Insert into MUSEUM.MU_REVIEW (REV_IDX,REV_CATEGORY,REV_WRITER,REV_SUBJECT,REV_WRITE_DATE,REV_FILE_NAME,REV_ORI_NAME,REV_HIT,REV_DEL_STATUS) values (5,'공연','yuna','꿈다락 토요문화학교 후기',to_date('2018/08/22','YYYY/MM/DD'),'review_concert_02.jpg','review_concert_02.jpg',379,null);
Insert into MUSEUM.MU_REVIEW (REV_IDX,REV_CATEGORY,REV_WRITER,REV_SUBJECT,REV_WRITE_DATE,REV_FILE_NAME,REV_ORI_NAME,REV_HIT,REV_DEL_STATUS) values (20,'공연','sanghee','<걸어서 하늘까지> 관람 후기',to_date('2018/10/23','YYYY/MM/DD'),null,null,340,null);
Insert into MUSEUM.MU_REVIEW (REV_IDX,REV_CATEGORY,REV_WRITER,REV_SUBJECT,REV_WRITE_DATE,REV_FILE_NAME,REV_ORI_NAME,REV_HIT,REV_DEL_STATUS) values (21,'공연','sanghee','2018 꿈다락 토요 문화학교 "앙상불 디토" 관람 후기',to_date('2018/10/23','YYYY/MM/DD'),null,null,322,null);
Insert into MUSEUM.MU_REVIEW (REV_IDX,REV_CATEGORY,REV_WRITER,REV_SUBJECT,REV_WRITE_DATE,REV_FILE_NAME,REV_ORI_NAME,REV_HIT,REV_DEL_STATUS) values (22,'행사','hana','정영두 안무가님과 함께한 시간',to_date('2019/02/23','YYYY/MM/DD'),null,null,321,null);
Insert into MUSEUM.MU_REVIEW (REV_IDX,REV_CATEGORY,REV_WRITER,REV_SUBJECT,REV_WRITE_DATE,REV_FILE_NAME,REV_ORI_NAME,REV_HIT,REV_DEL_STATUS) values (23,'공연','yunhee','3분47초, 짧은 사연이 읽히는 시간',to_date('2019/03/01','YYYY/MM/DD'),null,null,420,null);
Insert into MUSEUM.MU_REVIEW (REV_IDX,REV_CATEGORY,REV_WRITER,REV_SUBJECT,REV_WRITE_DATE,REV_FILE_NAME,REV_ORI_NAME,REV_HIT,REV_DEL_STATUS) values (24,'전시','jinyoung','미샤마이스키',to_date('2019/04/23','YYYY/MM/DD'),null,null,221,null);
Insert into MUSEUM.MU_REVIEW (REV_IDX,REV_CATEGORY,REV_WRITER,REV_SUBJECT,REV_WRITE_DATE,REV_FILE_NAME,REV_ORI_NAME,REV_HIT,REV_DEL_STATUS) values (25,'전시','dongho','전시 테스트',to_date('2019/04/26','YYYY/MM/DD'),null,null,380,'DEL');
Insert into MUSEUM.MU_REVIEW (REV_IDX,REV_CATEGORY,REV_WRITER,REV_SUBJECT,REV_WRITE_DATE,REV_FILE_NAME,REV_ORI_NAME,REV_HIT,REV_DEL_STATUS) values (26,'행사','jinah','샌드애니메이션과 함께 하는 낭독콘서트 소나기 관람',to_date('2019/05/12','YYYY/MM/DD'),null,null,409,null);
Insert into MUSEUM.MU_REVIEW (REV_IDX,REV_CATEGORY,REV_WRITER,REV_SUBJECT,REV_WRITE_DATE,REV_FILE_NAME,REV_ORI_NAME,REV_HIT,REV_DEL_STATUS) values (27,'공연','mino','아침음악살롱 담당자님께 고함.',to_date('2019/10/23','YYYY/MM/DD'),null,null,721,null);
Insert into MUSEUM.MU_REVIEW (REV_IDX,REV_CATEGORY,REV_WRITER,REV_SUBJECT,REV_WRITE_DATE,REV_FILE_NAME,REV_ORI_NAME,REV_HIT,REV_DEL_STATUS) values (28,'행사','yuna','특강후기 <신화로 읽는 연극, 연극으로 읽는 신화>',to_date('2019/10/28','YYYY/MM/DD'),null,null,201,null);
Insert into MUSEUM.MU_REVIEW (REV_IDX,REV_CATEGORY,REV_WRITER,REV_SUBJECT,REV_WRITE_DATE,REV_FILE_NAME,REV_ORI_NAME,REV_HIT,REV_DEL_STATUS) values (29,'공연','sanghee','꿈다락 문화학교<유도소년> 후기',to_date('2019/10/28','YYYY/MM/DD'),null,null,722,null);
Insert into MUSEUM.MU_REVIEW (REV_IDX,REV_CATEGORY,REV_WRITER,REV_SUBJECT,REV_WRITE_DATE,REV_FILE_NAME,REV_ORI_NAME,REV_HIT,REV_DEL_STATUS) values (30,'공연','hayan','조금 늦은 오더메이드 레퍼토리 잡 후기',to_date('2020/01/05','YYYY/MM/DD'),null,null,502,null);
Insert into MUSEUM.MU_REVIEW (REV_IDX,REV_CATEGORY,REV_WRITER,REV_SUBJECT,REV_WRITE_DATE,REV_FILE_NAME,REV_ORI_NAME,REV_HIT,REV_DEL_STATUS) values (31,'공연','daseul','<오더메이드 레퍼토리 잡> 잡가, 정녕 잡스러운 소리인가',to_date('2020/01/07','YYYY/MM/DD'),null,null,523,null);
Insert into MUSEUM.MU_REVIEW (REV_IDX,REV_CATEGORY,REV_WRITER,REV_SUBJECT,REV_WRITE_DATE,REV_FILE_NAME,REV_ORI_NAME,REV_HIT,REV_DEL_STATUS) values (32,'전시','dam0','8.30/ Play the gesture- 무브스 콜렉터',to_date('2020/01/25','YYYY/MM/DD'),null,null,403,null);
REM INSERTING into MUSEUM.MU_REV_COMMENT
SET DEFINE OFF;
Insert into MUSEUM.MU_REV_COMMENT (RCOM_IDX,RCOM_WRITER,RCOM_WRITE_DATE,RCOM_IP,REV_IDX) values (2,'admin',to_date('2018/01/10','YYYY/MM/DD'),null,1);
Insert into MUSEUM.MU_REV_COMMENT (RCOM_IDX,RCOM_WRITER,RCOM_WRITE_DATE,RCOM_IP,REV_IDX) values (5,'dam0',to_date('2021/02/25','YYYY/MM/DD'),'0:0:0:0:0:0:0:1',33);
Insert into MUSEUM.MU_REV_COMMENT (RCOM_IDX,RCOM_WRITER,RCOM_WRITE_DATE,RCOM_IP,REV_IDX) values (3,'admin',to_date('2021/02/23','YYYY/MM/DD'),'0:0:0:0:0:0:0:1',4);
--------------------------------------------------------
--  DDL for Index EDU_IDX_PK
--------------------------------------------------------

  CREATE UNIQUE INDEX "MUSEUM"."EDU_IDX_PK" ON "MUSEUM"."MU_EDU" ("EDU_IDX") 
  PCTFREE 10 INITRANS 2 MAXTRANS 255 COMPUTE STATISTICS 
  STORAGE(INITIAL 65536 NEXT 1048576 MINEXTENTS 1 MAXEXTENTS 2147483645
  PCTINCREASE 0 FREELISTS 1 FREELIST GROUPS 1 BUFFER_POOL DEFAULT FLASH_CACHE DEFAULT CELL_FLASH_CACHE DEFAULT)
  TABLESPACE "USERS" ;
--------------------------------------------------------
--  DDL for Index EDU_DETAIL_PK
--------------------------------------------------------

  CREATE UNIQUE INDEX "MUSEUM"."EDU_DETAIL_PK" ON "MUSEUM"."EDU_DETAIL" ("EDU_DETIDX") 
  PCTFREE 10 INITRANS 2 MAXTRANS 255 COMPUTE STATISTICS 
  STORAGE(INITIAL 65536 NEXT 1048576 MINEXTENTS 1 MAXEXTENTS 2147483645
  PCTINCREASE 0 FREELISTS 1 FREELIST GROUPS 1 BUFFER_POOL DEFAULT FLASH_CACHE DEFAULT CELL_FLASH_CACHE DEFAULT)
  TABLESPACE "USERS" ;
--------------------------------------------------------
--  DDL for Index DOC_IDX_PK
--------------------------------------------------------

  CREATE UNIQUE INDEX "MUSEUM"."DOC_IDX_PK" ON "MUSEUM"."MU_LEARN_DOC" ("DOC_IDX") 
  PCTFREE 10 INITRANS 2 MAXTRANS 255 COMPUTE STATISTICS 
  STORAGE(INITIAL 65536 NEXT 1048576 MINEXTENTS 1 MAXEXTENTS 2147483645
  PCTINCREASE 0 FREELISTS 1 FREELIST GROUPS 1 BUFFER_POOL DEFAULT FLASH_CACHE DEFAULT CELL_FLASH_CACHE DEFAULT)
  TABLESPACE "USERS" ;
--------------------------------------------------------
--  Constraints for Table MU_REV_COMMENT
--------------------------------------------------------

  ALTER TABLE "MUSEUM"."MU_REV_COMMENT" ADD PRIMARY KEY ("RCOM_IDX")
  USING INDEX PCTFREE 10 INITRANS 2 MAXTRANS 255 COMPUTE STATISTICS 
  STORAGE(INITIAL 65536 NEXT 1048576 MINEXTENTS 1 MAXEXTENTS 2147483645
  PCTINCREASE 0 FREELISTS 1 FREELIST GROUPS 1 BUFFER_POOL DEFAULT FLASH_CACHE DEFAULT CELL_FLASH_CACHE DEFAULT)
  TABLESPACE "USERS"  ENABLE;
--------------------------------------------------------
--  Constraints for Table MU_MEMBER
--------------------------------------------------------

  ALTER TABLE "MUSEUM"."MU_MEMBER" ADD PRIMARY KEY ("MEM_ID")
  USING INDEX PCTFREE 10 INITRANS 2 MAXTRANS 255 COMPUTE STATISTICS 
  STORAGE(INITIAL 65536 NEXT 1048576 MINEXTENTS 1 MAXEXTENTS 2147483645
  PCTINCREASE 0 FREELISTS 1 FREELIST GROUPS 1 BUFFER_POOL DEFAULT FLASH_CACHE DEFAULT CELL_FLASH_CACHE DEFAULT)
  TABLESPACE "USERS"  ENABLE;
  ALTER TABLE "MUSEUM"."MU_MEMBER" MODIFY ("MEM_CELLPHONE" NOT NULL ENABLE);
  ALTER TABLE "MUSEUM"."MU_MEMBER" MODIFY ("MEM_SEX" NOT NULL ENABLE);
  ALTER TABLE "MUSEUM"."MU_MEMBER" MODIFY ("MEM_NAME" NOT NULL ENABLE);
  ALTER TABLE "MUSEUM"."MU_MEMBER" MODIFY ("MEM_PWD" NOT NULL ENABLE);
--------------------------------------------------------
--  Constraints for Table EDU_DETAIL
--------------------------------------------------------

  ALTER TABLE "MUSEUM"."EDU_DETAIL" ADD CONSTRAINT "EDU_DETAIL_PK" PRIMARY KEY ("EDU_DETIDX")
  USING INDEX PCTFREE 10 INITRANS 2 MAXTRANS 255 COMPUTE STATISTICS 
  STORAGE(INITIAL 65536 NEXT 1048576 MINEXTENTS 1 MAXEXTENTS 2147483645
  PCTINCREASE 0 FREELISTS 1 FREELIST GROUPS 1 BUFFER_POOL DEFAULT FLASH_CACHE DEFAULT CELL_FLASH_CACHE DEFAULT)
  TABLESPACE "USERS"  ENABLE;
  ALTER TABLE "MUSEUM"."EDU_DETAIL" MODIFY ("EDU_DETAILSTATUS" NOT NULL ENABLE);
  ALTER TABLE "MUSEUM"."EDU_DETAIL" MODIFY ("EDU_DETAILTIME" NOT NULL ENABLE);
  ALTER TABLE "MUSEUM"."EDU_DETAIL" MODIFY ("EDU_PERIOD_END" NOT NULL ENABLE);
  ALTER TABLE "MUSEUM"."EDU_DETAIL" MODIFY ("EDU_PERIOD_START" NOT NULL ENABLE);
  ALTER TABLE "MUSEUM"."EDU_DETAIL" MODIFY ("EDU_DETAILTARGET" NOT NULL ENABLE);
  ALTER TABLE "MUSEUM"."EDU_DETAIL" MODIFY ("EDU_DETAILADDR" NOT NULL ENABLE);
  ALTER TABLE "MUSEUM"."EDU_DETAIL" MODIFY ("EDU_DETIDX" NOT NULL ENABLE);
--------------------------------------------------------
--  Constraints for Table MU_EXHIBITION
--------------------------------------------------------

  ALTER TABLE "MUSEUM"."MU_EXHIBITION" MODIFY ("EXHIB_SUBJECT" NOT NULL ENABLE);
--------------------------------------------------------
--  Constraints for Table MU_INQUIRY
--------------------------------------------------------

  ALTER TABLE "MUSEUM"."MU_INQUIRY" ADD PRIMARY KEY ("INQ_NUM")
  USING INDEX PCTFREE 10 INITRANS 2 MAXTRANS 255 COMPUTE STATISTICS 
  STORAGE(INITIAL 65536 NEXT 1048576 MINEXTENTS 1 MAXEXTENTS 2147483645
  PCTINCREASE 0 FREELISTS 1 FREELIST GROUPS 1 BUFFER_POOL DEFAULT FLASH_CACHE DEFAULT CELL_FLASH_CACHE DEFAULT)
  TABLESPACE "USERS"  ENABLE;
  ALTER TABLE "MUSEUM"."MU_INQUIRY" MODIFY ("INQ_SUBJECT" NOT NULL ENABLE);
--------------------------------------------------------
--  Constraints for Table MU_FAQ
--------------------------------------------------------

  ALTER TABLE "MUSEUM"."MU_FAQ" ADD PRIMARY KEY ("FAQ_IDX")
  USING INDEX PCTFREE 10 INITRANS 2 MAXTRANS 255 COMPUTE STATISTICS 
  STORAGE(INITIAL 65536 NEXT 1048576 MINEXTENTS 1 MAXEXTENTS 2147483645
  PCTINCREASE 0 FREELISTS 1 FREELIST GROUPS 1 BUFFER_POOL DEFAULT FLASH_CACHE DEFAULT CELL_FLASH_CACHE DEFAULT)
  TABLESPACE "USERS"  ENABLE;
--------------------------------------------------------
--  Constraints for Table MU_NOTICE
--------------------------------------------------------

  ALTER TABLE "MUSEUM"."MU_NOTICE" ADD PRIMARY KEY ("NOTI_IDX")
  USING INDEX PCTFREE 10 INITRANS 2 MAXTRANS 255 COMPUTE STATISTICS 
  STORAGE(INITIAL 65536 NEXT 1048576 MINEXTENTS 1 MAXEXTENTS 2147483645
  PCTINCREASE 0 FREELISTS 1 FREELIST GROUPS 1 BUFFER_POOL DEFAULT FLASH_CACHE DEFAULT CELL_FLASH_CACHE DEFAULT)
  TABLESPACE "USERS"  ENABLE;
--------------------------------------------------------
--  Constraints for Table MU_EDU
--------------------------------------------------------

  ALTER TABLE "MUSEUM"."MU_EDU" ADD UNIQUE ("EDU_NAME")
  USING INDEX PCTFREE 10 INITRANS 2 MAXTRANS 255 COMPUTE STATISTICS 
  STORAGE(INITIAL 65536 NEXT 1048576 MINEXTENTS 1 MAXEXTENTS 2147483645
  PCTINCREASE 0 FREELISTS 1 FREELIST GROUPS 1 BUFFER_POOL DEFAULT FLASH_CACHE DEFAULT CELL_FLASH_CACHE DEFAULT)
  TABLESPACE "USERS"  ENABLE;
  ALTER TABLE "MUSEUM"."MU_EDU" ADD CONSTRAINT "EDU_IDX_PK" PRIMARY KEY ("EDU_IDX")
  USING INDEX PCTFREE 10 INITRANS 2 MAXTRANS 255 COMPUTE STATISTICS 
  STORAGE(INITIAL 65536 NEXT 1048576 MINEXTENTS 1 MAXEXTENTS 2147483645
  PCTINCREASE 0 FREELISTS 1 FREELIST GROUPS 1 BUFFER_POOL DEFAULT FLASH_CACHE DEFAULT CELL_FLASH_CACHE DEFAULT)
  TABLESPACE "USERS"  ENABLE;
  ALTER TABLE "MUSEUM"."MU_EDU" MODIFY ("EDU_STATUS" NOT NULL ENABLE);
  ALTER TABLE "MUSEUM"."MU_EDU" MODIFY ("EDU_IMGLOCAL" NOT NULL ENABLE);
  ALTER TABLE "MUSEUM"."MU_EDU" MODIFY ("EDU_IMGNAME" NOT NULL ENABLE);
  ALTER TABLE "MUSEUM"."MU_EDU" MODIFY ("EDU_TITLE" NOT NULL ENABLE);
  ALTER TABLE "MUSEUM"."MU_EDU" MODIFY ("EDU_NAME" NOT NULL ENABLE);
--------------------------------------------------------
--  Constraints for Table MU_LEARN_DOC
--------------------------------------------------------

  ALTER TABLE "MUSEUM"."MU_LEARN_DOC" ADD CONSTRAINT "DOC_IDX_PK" PRIMARY KEY ("DOC_IDX")
  USING INDEX PCTFREE 10 INITRANS 2 MAXTRANS 255 COMPUTE STATISTICS 
  STORAGE(INITIAL 65536 NEXT 1048576 MINEXTENTS 1 MAXEXTENTS 2147483645
  PCTINCREASE 0 FREELISTS 1 FREELIST GROUPS 1 BUFFER_POOL DEFAULT FLASH_CACHE DEFAULT CELL_FLASH_CACHE DEFAULT)
  TABLESPACE "USERS"  ENABLE;
  ALTER TABLE "MUSEUM"."MU_LEARN_DOC" MODIFY ("DOC_STATUS" NOT NULL ENABLE);
  ALTER TABLE "MUSEUM"."MU_LEARN_DOC" MODIFY ("DOC_FILELOCAL" NOT NULL ENABLE);
  ALTER TABLE "MUSEUM"."MU_LEARN_DOC" MODIFY ("DOC_FILENAME" NOT NULL ENABLE);
--------------------------------------------------------
--  Constraints for Table MU_REVIEW
--------------------------------------------------------

  ALTER TABLE "MUSEUM"."MU_REVIEW" ADD PRIMARY KEY ("REV_IDX")
  USING INDEX PCTFREE 10 INITRANS 2 MAXTRANS 255 COMPUTE STATISTICS 
  STORAGE(INITIAL 65536 NEXT 1048576 MINEXTENTS 1 MAXEXTENTS 2147483645
  PCTINCREASE 0 FREELISTS 1 FREELIST GROUPS 1 BUFFER_POOL DEFAULT FLASH_CACHE DEFAULT CELL_FLASH_CACHE DEFAULT)
  TABLESPACE "USERS"  ENABLE;
--------------------------------------------------------
--  Ref Constraints for Table EDU_DETAIL
--------------------------------------------------------

  ALTER TABLE "MUSEUM"."EDU_DETAIL" ADD CONSTRAINT "FK_EDU_DETAIL_EDU_IDX_MU_EDU_E" FOREIGN KEY ("EDU_IDX")
	  REFERENCES "MUSEUM"."MU_EDU" ("EDU_IDX") ENABLE;
--------------------------------------------------------
--  Ref Constraints for Table MU_LEARN_DOC
--------------------------------------------------------

  ALTER TABLE "MUSEUM"."MU_LEARN_DOC" ADD FOREIGN KEY ("EDU_IDX")
	  REFERENCES "MUSEUM"."MU_EDU" ("EDU_IDX") ENABLE;
  ALTER TABLE "MUSEUM"."MU_LEARN_DOC" ADD FOREIGN KEY ("EDU_DETIDX")
	  REFERENCES "MUSEUM"."EDU_DETAIL" ("EDU_DETIDX") ENABLE;
--------------------------------------------------------
--  Ref Constraints for Table MU_REV_COMMENT
--------------------------------------------------------

  ALTER TABLE "MUSEUM"."MU_REV_COMMENT" ADD CONSTRAINT "REV_COMMENT_T_TK" FOREIGN KEY ("REV_IDX")
	  REFERENCES "MUSEUM"."MU_REVIEW" ("REV_IDX") ENABLE;
